author,message,ID,date,datetime,channel
Truxa,https://redirect.teleparty.com/join/a4409a4cb0ebc51e,190897913314934784,902981414188888146,2021-10-27 18:05:45.726,565951111589265432
LeCerial,"gazzbot, engage fed mode",252070848800882688,890302307579867158,2021-09-22 18:23:31.144,565951111589265432
filetES,https://tenor.com/view/dimden-cat-dimdem-cute-cat-discord-gif-22604911,211105566062280705,885163361912881152,2021-09-08 14:03:11.020,565951111589265432
Truxa,https://w2g.tv/rooms/ifp2yaexclw2fqjc1c?lang=da,190897913314934784,884479463541313537,2021-09-06 16:45:36.942,565951111589265432
filetES,med monner √∏len,211105566062280705,881870262247784448,2021-08-30 11:57:34.877,565951111589265432
Truxa,Synes den smager lidt for meget af ingef√¶r,190897913314934784,881870228252921916,2021-08-30 11:57:26.772,565951111589265432
filetES,https://en.wikipedia.org/wiki/Moscow_mule,211105566062280705,881870218744446986,2021-08-30 11:57:24.505,565951111589265432
filetES,overvej,211105566062280705,881870217117044747,2021-08-30 11:57:24.117,565951111589265432
filetES,har h√∏rt den er god,211105566062280705,881870064368885770,2021-08-30 11:56:47.699,565951111589265432
Truxa,Thoughts?,190897913314934784,881869993468387378,2021-08-30 11:56:30.795,565951111589265432
Truxa,https://www.youtube.com/watch?v=T_hrTsswfmg,190897913314934784,880809580463030342,2021-08-27 13:42:48.633,565951111589265432
LeCerial,<:mfwspurdo:826798261146091530>,252070848800882688,880548027587244072,2021-08-26 20:23:29.568,565951111589265432
LeCerial,<:lmfao:685561463611326467>,252070848800882688,880548021971091477,2021-08-26 20:23:28.229,565951111589265432
Truxa,fucking mic mute software,190897913314934784,880547993282031677,2021-08-26 20:23:21.389,565951111589265432
Truxa,<@!252070848800882688>,190897913314934784,880547752289919006,2021-08-26 20:22:23.932,565951111589265432
filetES,https://tenor.com/view/g63-mercedes-gelik-gif-8015553,211105566062280705,880046293815291924,2021-08-25 11:09:46.915,565951111589265432
Truxa,<@!252070848800882688>,190897913314934784,879422560834572359,2021-08-23 17:51:17.384,565951111589265432
Truxa,<@!252070848800882688> hey x again,190897913314934784,870274424631361536,2021-07-29 11:59:51.749,565951111589265432
Truxa,https://w2g.tv/rooms/9s0nkvf1nyen5fx766?lang=da,190897913314934784,868862308263264266,2021-07-25 14:28:36.971,565951111589265432
Wansorof,"Er ved at l√¶gge vare p√• plads, og skal lige rydde lidt op i mit k√∏kken",275614374687932429,865582253970948147,2021-07-16 13:14:51.087,565951111589265432
filetES,üôÇ,211105566062280705,865574520123031582,2021-07-16 12:44:07.194,565951111589265432
filetES,bliver ved med at poste til i er klar,211105566062280705,865574500322377758,2021-07-16 12:44:02.473,565951111589265432
filetES,https://tenor.com/view/vc-gif-21084927,211105566062280705,865574469539856395,2021-07-16 12:43:55.134,565951111589265432
filetES,fair fair üôÇ,211105566062280705,865571856332881932,2021-07-16 12:33:32.097,565951111589265432
Wansorof,"Skal lige k√∏be ind, s√• kommer jeg",275614374687932429,865571745275576400,2021-07-16 12:33:05.619,565951111589265432
LeCerial,"spiser lige morgenmad, s√• kommer jeg",252070848800882688,865571694982070292,2021-07-16 12:32:53.628,565951111589265432
filetES,<@275614374687932429> <@!252070848800882688>,211105566062280705,865571162770767892,2021-07-16 12:30:46.739,565951111589265432
filetES,https://tenor.com/view/join-vc-join-vc-bunny-gif-21597394,211105566062280705,865571096529862687,2021-07-16 12:30:30.946,565951111589265432
Truxa,https://w2g.tv/rooms/xtw3irg2aynst5jlgc?lang=da,190897913314934784,808373164588924969,2021-02-08 16:26:21.285,565951111589265432
Truxa,https://w2g.tv/rooms/b2trlauiv5950rkf1z?lang=da,190897913314934784,794623427167256578,2021-01-01 17:49:48.426,565951111589265432
Truxa,F,190897913314934784,792828446262165544,2020-12-27 18:57:11.629,565951111589265432
Waldo (SakridLyfe),in ze ofen,149352193856634882,789648868593500190,2020-12-19 00:22:41.239,565951111589265432
Waldo (SakridLyfe),hot niggers,149352193856634882,789648821344665621,2020-12-19 00:22:29.974,565951111589265432
LeCerial,hot x,252070848800882688,789648769233977354,2020-12-19 00:22:17.550,565951111589265432
Truxa,hot x,190897913314934784,789648736011157545,2020-12-19 00:22:09.629,565951111589265432
Waldo (SakridLyfe),sure,149352193856634882,789648716461637632,2020-12-19 00:22:04.968,565951111589265432
Truxa,<@!149352193856634882> tomorrow?,190897913314934784,789648613458182144,2020-12-19 00:21:40.410,565951111589265432
LeCerial,<:lmfao:685561463611326467>,252070848800882688,789647755404247090,2020-12-19 00:18:15.834,565951111589265432
Waldo (SakridLyfe),<@!252070848800882688> <@!190897913314934784> feel like some arma 3 some time?,149352193856634882,789647520242466816,2020-12-19 00:17:19.767,565951111589265432
Truxa,https://www.twitch.tv/blastpremier,190897913314934784,787707977875849257,2020-12-13 15:50:16.832,565951111589265432
Truxa,https://www.youtube.com/watch?v=l1RGkQj05B8,190897913314934784,779415757683294250,2020-11-20 18:39:57.476,565951111589265432
Wansorof,"<@!211105566062280705> <@!252070848800882688> hvad syntes I om ny mayhem modifier der halverer m√¶ngden af loot, men fjerne alle de forskellige modifiers?",275614374687932429,772227507125878814,2020-10-31 22:36:24.992,565951111589265432
Waldo (SakridLyfe),https://twitter.com/SteveGuest/status/1320107370312323073?s=20,149352193856634882,769990712951177216,2020-10-25 18:28:11.703,565951111589265432
Wansorof,https://streamable.com/69wc6l,275614374687932429,765124634344816650,2020-10-12 08:12:08.156,565951111589265432
Wansorof,Det var noget af en tur,275614374687932429,765124131356147713,2020-10-12 08:10:08.234,565951111589265432
Wansorof,Hvad syntes I om forfatterens navn? üòâ https://royalsocietypublishing.org/doi/10.1098/rspa.1934.0140,275614374687932429,763752343782817892,2020-10-08 13:19:08.590,565951111589265432
Wansorof,Jeg er ikke den eneste p√• mit kontor,275614374687932429,763736452755357707,2020-10-08 12:15:59.874,565951111589265432
Wansorof,It is however a dvd üòâ,275614374687932429,763442346913693736,2020-10-07 16:47:19.577,565951111589265432
Waldo (SakridLyfe),that almost looks like VHS lol,149352193856634882,763433608466792459,2020-10-07 16:12:36.169,565951111589265432
filetES,s√• dragger jeg dig ind,211105566062280705,762654315419795456,2020-10-05 12:35:58.228,565951111589265432
filetES,join en anden channel,211105566062280705,762654300450848769,2020-10-05 12:35:54.659,565951111589265432
filetES,<@!179963604404142090>  get in,211105566062280705,762653581831962655,2020-10-05 12:33:03.327,565951111589265432
filetES,https://w2g.tv/rooms/35owbaxvmf4jc25nw0?lang=en,211105566062280705,762653553789239327,2020-10-05 12:32:56.641,565951111589265432
filetES,https://cdn.discordapp.com/attachments/741037359738519568/745730408582479962/pogfastbig.gif,211105566062280705,762607774281629736,2020-10-05 09:31:01.956,565951111589265432
LeCerial,haha pener data,252070848800882688,762607519985172490,2020-10-05 09:30:01.327,565951111589265432
LeCerial,me ascending more than 2 steps under a minute,252070848800882688,762240288831176715,2020-10-04 09:10:46.597,565951111589265432
filetES,https://media.discordapp.net/attachments/542572302194442240/754581127473397800/image0-9.gif,211105566062280705,762238146469429269,2020-10-04 09:02:15.818,565951111589265432
LeCerial,<:Sweaty:466800751327444993>,252070848800882688,762238108312797185,2020-10-04 09:02:06.721,565951111589265432
filetES,https://cdn.discordapp.com/attachments/702960160985055232/762138516921647124/c7b07686a8fc9f0076999f2b7214d6801daac5df85e850be35055c7cf956c159_1.mp4,211105566062280705,762238059236294666,2020-10-04 09:01:55.020,565951111589265432
Waldo (SakridLyfe),love that out of context btw,149352193856634882,761729213781901312,2020-10-02 23:19:56.810,565951111589265432
filetES,-SLO[,211105566062280705,761722881347420201,2020-10-02 22:54:47.040,565951111589265432
LeCerial,on todays episode of out of context <@!149352193856634882>,252070848800882688,761628634297139250,2020-10-02 16:40:16.792,565951111589265432
Waldo (SakridLyfe),https://pastebin.com/6Q5gA3DA,149352193856634882,761379630438678530,2020-10-02 00:10:49.646,565951111589265432
Wansorof,https://www.youtube.com/watch?v=g2f68z4k1RA&ab_channel=GlitchingQueen,275614374687932429,760801130002513920,2020-09-30 09:52:04.394,565951111589265432
Wansorof,"Jeg skal lige spise, s√• er jeg med üôÇ <@!252070848800882688> <@!211105566062280705>",275614374687932429,760566140732178542,2020-09-29 18:18:18.586,565951111589265432
Wansorof,https://www.ifixit.com/Guide/Huawei+P10+Lite+Battery+Replacement/104752,275614374687932429,758712522714120240,2020-09-24 15:32:41.612,565951111589265432
Waldo (SakridLyfe),https://youtu.be/NVrpvAC5pyA,149352193856634882,757302381569507408,2020-09-20 18:09:17.764,565951111589265432
Wansorof,bridge skip bl3 maliwan takedown https://www.youtube.com/watch?v=PsVcA1X7zZQ&ab_channel=ThiccFilA,275614374687932429,757177526903767051,2020-09-20 09:53:10.092,565951111589265432
LeCerial,">woke up today
>day ruined",252070848800882688,756617698120826901,2020-09-18 20:48:36.509,565951111589265432
Wansorof,"Det giver jo ikke mening at joine jer, da jeg ikke kan joine",275614374687932429,756573161344073811,2020-09-18 17:51:38.114,565951111589265432
LeCerial,https://tenor.com/view/joker-cope-here-we-cope-windy-gif-15155525,252070848800882688,756573158214991944,2020-09-18 17:51:37.368,565951111589265432
LeCerial,nej det tror jeg ikke,252070848800882688,756573076044644463,2020-09-18 17:51:17.777,565951111589265432
LeCerial,men er de dine rigtige venner,252070848800882688,756573055542624338,2020-09-18 17:51:12.889,565951111589265432
Wansorof,F√• among us og join üòÑ,275614374687932429,756573035187667034,2020-09-18 17:51:08.036,565951111589265432
Wansorof,Sidder og spiller among us med andre venner üòâ,275614374687932429,756573001050226738,2020-09-18 17:50:59.897,565951111589265432
LeCerial,<@!275614374687932429> T√¶nk ikke at blive fuld med dine venner p√• discord p√• en fredag,252070848800882688,756572817746821184,2020-09-18 17:50:16.194,565951111589265432
Wansorof,fuck off,275614374687932429,755882210971746405,2020-09-16 20:06:02.708,565951111589265432
filetES,<@!252070848800882688>,211105566062280705,755876695478763600,2020-09-16 19:44:07.712,565951111589265432
filetES,https://kunet.ku.dk/nyhedsrum/nyheder/Sider/Forl%C3%A6nget-fuld-stop-for-sociale-aktiviteter-.aspx,211105566062280705,755876246222667817,2020-09-16 19:42:20.601,565951111589265432
Wansorof,<@!252070848800882688>  du mener peak Mein Kraft!,275614374687932429,755740282007453776,2020-09-16 10:42:04.206,565951111589265432
Wansorof,https://www.youtube.com/watch?v=1HLTTQNRE_I&ab_channel=LifeofBoris,275614374687932429,754993947863941231,2020-09-14 09:16:24.280,565951111589265432
filetES,nice iguess,211105566062280705,754766853829689376,2020-09-13 18:14:00.843,565951111589265432
LeCerial,ikke sep,252070848800882688,754766815892209814,2020-09-13 18:13:51.798,565951111589265432
LeCerial,turns out det var den 14. oktober,252070848800882688,754766806845096046,2020-09-13 18:13:49.641,565951111589265432
filetES,<@!252070848800882688> er det i morgen du har det der astro shit?,211105566062280705,754766738154848356,2020-09-13 18:13:33.264,565951111589265432
LeCerial,ja save,252070848800882688,754765738249814098,2020-09-13 18:09:34.868,565951111589265432
Wansorof,Kom p√• disc din spade üôÇ,275614374687932429,754765634302378157,2020-09-13 18:09:10.085,565951111589265432
filetES,hvor drunk er du m89,211105566062280705,754765464244191343,2020-09-13 18:08:29.540,565951111589265432
filetES,tror andr√© mener hans save?,211105566062280705,754765441305542677,2020-09-13 18:08:24.071,565951111589265432
Wansorof,Mit BL3 er up to date üôÇ,275614374687932429,754765329955160094,2020-09-13 18:07:57.523,565951111589265432
filetES,??,211105566062280705,754765298288296077,2020-09-13 18:07:49.973,565951111589265432
LeCerial,yikes,252070848800882688,754765251823534101,2020-09-13 18:07:38.895,565951111589265432
LeCerial,godt jeg ikke har met sive s√•,252070848800882688,754765238091644928,2020-09-13 18:07:35.621,565951111589265432
filetES,7.8GB DL til borderlands 3 üëÄ üëÄ üëÄ üëÄ üëÄ üëÄ üëÄ üëÄ üëÄ  <@!275614374687932429>,211105566062280705,754765174401007716,2020-09-13 18:07:20.436,565951111589265432
LeCerial,<@!425720371518636033> Hvorfor er du den eneste der ikke er online kl 23:48 p√• en torsdag???????,252070848800882688,753733600519651458,2020-09-10 21:48:14.057,565951111589265432
LeCerial,https://w2g.tv/7y6pas7abbvbo0qxq0,252070848800882688,753726705276944513,2020-09-10 21:20:50.103,565951111589265432
Wansorof,<@!252070848800882688>  https://www.youtube.com/watch?v=lod_LUp3ggc&ab_channel=LockPickingLawyer,275614374687932429,753676529581424852,2020-09-10 18:01:27.285,565951111589265432
filetES,du er d√•rlig,211105566062280705,753665290205790259,2020-09-10 17:16:47.609,565951111589265432
Wansorof,<@!252070848800882688>,275614374687932429,753665272413421589,2020-09-10 17:16:43.367,565951111589265432
Wansorof,"Joiner en voice channel, og s√• g√•r der flere minutter f√∏r jeg connecter",275614374687932429,753665260384157726,2020-09-10 17:16:40.499,565951111589265432
Wansorof,Fix server lag,275614374687932429,753665196656164915,2020-09-10 17:16:25.305,565951111589265432
Wansorof,"Revenge Bedtime Procrastination (RBP), a term that describes when people who don't have much control over their daytime life categorically refuse to go to bed early in order to regain some sense of freedom during the late-night hours",275614374687932429,753371477943910491,2020-09-09 21:49:17.307,565951111589265432
Wansorof,"<@!252070848800882688> <@!211105566062280705> cunts, kom i en chat jeg har rettigheder til",275614374687932429,752617562289864845,2020-09-07 19:53:29.808,565951111589265432
LeCerial,yea det kinda hot ikke?,252070848800882688,752490890672734238,2020-09-07 11:30:08.941,565951111589265432
Wansorof,"<@!252070848800882688> Hvordan spiller du ""Spyder (Python 3.8)""?",275614374687932429,752490816617840650,2020-09-07 11:29:51.285,565951111589265432
LeCerial,mig der v√•gner 10 am for at spamme nordet p√• discord,252070848800882688,752076614694600765,2020-09-06 08:03:57.851,565951111589265432
filetES,ok racist,211105566062280705,752076525431423006,2020-09-06 08:03:36.569,565951111589265432
LeCerial,nigger,252070848800882688,752076221709287456,2020-09-06 08:02:24.156,565951111589265432
LeCerial,nigger,252070848800882688,752076216508350547,2020-09-06 08:02:22.916,565951111589265432
LeCerial,nigger,252070848800882688,752076211869712475,2020-09-06 08:02:21.810,565951111589265432
LeCerial,nigger,252070848800882688,752076207184412792,2020-09-06 08:02:20.693,565951111589265432
LeCerial,nigger,252070848800882688,752076202856022016,2020-09-06 08:02:19.661,565951111589265432
LeCerial,nigger,252070848800882688,752076198536020070,2020-09-06 08:02:18.631,565951111589265432
Truxa,https://www.youtube.com/watch?v=4nBWxP8VJt4,190897913314934784,751143087174189247,2020-09-03 18:14:27.546,565951111589265432
Wansorof,"> `
<@!211105566062280705> Hun ligner en fra mit gymnasie o.O",275614374687932429,751140885701329007,2020-09-03 18:05:42.674,565951111589265432
LeCerial,https://w2g.tv/wsf1mxkg8p7iw0ttj9,252070848800882688,751139940196286666,2020-09-03 18:01:57.248,565951111589265432
filetES,`,211105566062280705,751134326082764890,2020-09-03 17:39:38.739,565951111589265432
Truxa,https://en.wikipedia.org/wiki/Toyota_Isis,190897913314934784,751133892232216636,2020-09-03 17:37:55.301,565951111589265432
Truxa,https://w2g.tv/rooms/hs8c616y30hbnn4dc0?lang=da,190897913314934784,750634461972004954,2020-09-02 08:33:21.848,565951111589265432
LeCerial,https://open.spotify.com/playlist/2q9vYb2L01gsNaW24giPhC?si=1JbO84PSTUW0HAZ2zmVxeg,252070848800882688,748567716767727688,2020-08-27 15:40:51.393,565951111589265432
filetES,"Interesting but 30 cm is a awlful lot for a circumcism.

Was the conversion done by a welder or Rabbi?",211105566062280705,748549466885455925,2020-08-27 14:28:20.282,565951111589265432
LeCerial,<:poggies:731270614299705455>,252070848800882688,746452845758513162,2020-08-21 19:37:06.852,565951111589265432
LeCerial,gid min vilje til at leve var tilbage,252070848800882688,746451166996725791,2020-08-21 19:30:26.604,565951111589265432
Wansorof,Krieg er tilbage? üòÆ,275614374687932429,746450542040973442,2020-08-21 19:27:57.603,565951111589265432
filetES,https://www.youtube.com/watch?v=KpJvyoS5T2g,211105566062280705,746418516328054835,2020-08-21 17:20:42.078,565951111589265432
Wansorof,"God start p√• f√∏rste dag, skrider omkring kl 15 XD",275614374687932429,745957120645791804,2020-08-20 10:47:16.775,565951111589265432
Wansorof,Har I en id√© om hvorn√•r?,275614374687932429,745957004446662756,2020-08-20 10:46:49.071,565951111589265432
Wansorof,Hvad er det I skal? üôÇ,275614374687932429,745956824720867348,2020-08-20 10:46:06.221,565951111589265432
Wansorof,Men du burde nok stadig g√∏re det üòâ,275614374687932429,745956704843202591,2020-08-20 10:45:37.640,565951111589265432
Wansorof,Maske g√¶lder f√∏rst fra l√∏rdag,275614374687932429,745956626036555828,2020-08-20 10:45:18.851,565951111589265432
Wansorof,<@!211105566062280705>  Bold of you to assume that I am using FB all the time,275614374687932429,745955480538710046,2020-08-20 10:40:45.743,565951111589265432
Wansorof,Har headset p√• din spade,275614374687932429,745955222060269609,2020-08-20 10:39:44.117,565951111589265432
Wansorof,Hvad laver I dog?,275614374687932429,745954358822174721,2020-08-20 10:36:18.305,565951111589265432
Wansorof,https://www.youtube.com/watch?v=V_2-OSnYxz4,275614374687932429,742488063501926462,2020-08-10 21:02:29.100,565951111589265432
LeCerial,cute,252070848800882688,742341547508629534,2020-08-10 11:20:16.965,565951111589265432
filetES,<@252070848800882688>,211105566062280705,742300565337407528,2020-08-10 08:37:26.054,565951111589265432
filetES,+complex root,211105566062280705,740968742954991617,2020-08-06 16:25:14.854,565951111589265432
filetES,more or less kun cutsman af de gode weapons,211105566062280705,740968341484601434,2020-08-06 16:23:39.136,565951111589265432
filetES,ngl,211105566062280705,740968230796918874,2020-08-06 16:23:12.746,565951111589265432
filetES,lidt nemere at browse igennem notesne end at se en 4 min vid,211105566062280705,740968227160719390,2020-08-06 16:23:11.879,565951111589265432
filetES,https://forums.gearboxsoftware.com/t/borderlands-3-hotfix-08-06-2020/4543002,211105566062280705,740968173620428801,2020-08-06 16:22:59.114,565951111589265432
Wansorof,https://www.youtube.com/watch?v=CVgoad657Hk,275614374687932429,740965777875927170,2020-08-06 16:13:27.924,565951111589265432
LeCerial,<:yes:732743309755416626>,252070848800882688,740275661838745700,2020-08-04 18:31:11.439,565951111589265432
filetES,https://cdn.discordapp.com/attachments/393858244990468098/740251602920669285/GermanPride.mp4,211105566062280705,740255768632098857,2020-08-04 17:12:08.529,565951111589265432
LeCerial,https://www.maplesoft.com/download/,252070848800882688,739926405881528340,2020-08-03 19:23:22.330,565951111589265432
Waldo (SakridLyfe),https://streamable.com/3yq9ut,149352193856634882,736703543024812124,2020-07-25 21:56:51.947,565951111589265432
LeCerial,ville bare √∏nske den kunne droppe en god bangstick <:judgement:480154509956612137>,252070848800882688,736617409234075709,2020-07-25 16:14:36.051,565951111589265432
Wansorof,"Nem at komme til, nem at dr√¶be, og dropper nok loot",275614374687932429,736617283517939853,2020-07-25 16:14:06.078,565951111589265432
Wansorof,Der er en grund til at den bliver farmet meget üòâ,275614374687932429,736617234864013394,2020-07-25 16:13:54.478,565951111589265432
LeCerial,"ehhhhhhh ok, fuck den er ez med de rigtige mayham settings",252070848800882688,736607594776363138,2020-07-25 15:35:36.102,565951111589265432
filetES,mby,211105566062280705,736539863725113405,2020-07-25 11:06:27.761,565951111589265432
LeCerial,m√•ske hvis du trapper en mob t√¶t p√• bossen?,252070848800882688,736539001976127529,2020-07-25 11:03:02.304,565951111589265432
filetES,virker vist ikke p√• bosses ü§î,211105566062280705,736538820417421334,2020-07-25 11:02:19.017,565951111589265432
LeCerial,Lyder som om Phillip snart er the damage man,252070848800882688,736536962604859473,2020-07-25 10:54:56.080,565951111589265432
filetES,working as intended,211105566062280705,736533810585272351,2020-07-25 10:42:24.580,565951111589265432
Wansorof,https://www.youtube.com/watch?v=UoindoNdCKo,275614374687932429,736484665279512647,2020-07-25 07:27:07.426,565951111589265432
LeCerial,<:Sweaty:466800751327444993>,252070848800882688,735904135098007553,2020-07-23 17:00:18.245,565951111589265432
filetES,min download er f'rst f;rdig om 8min tho,211105566062280705,735904103787397183,2020-07-23 17:00:10.780,565951111589265432
LeCerial,embrace the fatso,252070848800882688,735903781278974012,2020-07-23 16:58:53.888,565951111589265432
LeCerial,spis hurtigere,252070848800882688,735903721518792805,2020-07-23 16:58:39.640,565951111589265432
filetES,üòâ,211105566062280705,735903712538656872,2020-07-23 16:58:37.499,565951111589265432
LeCerial,sort mand,252070848800882688,735903709707632701,2020-07-23 16:58:36.824,565951111589265432
filetES,en banana,211105566062280705,735903700262060203,2020-07-23 16:58:34.572,565951111589265432
filetES,spiser,211105566062280705,735903683736371293,2020-07-23 16:58:30.632,565951111589265432
Wansorof,<@!211105566062280705> where are thee,275614374687932429,735903528165441537,2020-07-23 16:57:53.541,565951111589265432
Wansorof,https://www.youtube.com/watch?v=Ywob3Z4CMCo,275614374687932429,735882665068200049,2020-07-23 15:34:59.391,565951111589265432
filetES,what a fucking retard,211105566062280705,735824662704947202,2020-07-23 11:44:30.550,565951111589265432
filetES,idk hvad den amara havde gang i,211105566062280705,735824648633319484,2020-07-23 11:44:27.195,565951111589265432
LeCerial,<@!211105566062280705> Gets absolutely outplayed <:lmfao:685561463611326467>,252070848800882688,735824506278641756,2020-07-23 11:43:53.255,565951111589265432
filetES,üëÄüëÄüëÄüëÄüëÄ,211105566062280705,735507332057923604,2020-07-22 14:43:33.028,565951111589265432
Wansorof,<@!211105566062280705> get in here,275614374687932429,735499306265739374,2020-07-22 14:11:39.530,565951111589265432
LeCerial,har tid nu,252070848800882688,735497347273850910,2020-07-22 14:03:52.470,565951111589265432
filetES,üëÄ üëÄ üëÄ üëÄ üëÄ üëÄ hot,211105566062280705,735492666136985660,2020-07-22 13:45:16.400,565951111589265432
LeCerial,"ehh, er lige busy",252070848800882688,735490726544015382,2020-07-22 13:37:33.965,565951111589265432
Wansorof,<@!252070848800882688> Er du game? Om ca en halv time? üôÇ,275614374687932429,735489431921885217,2020-07-22 13:32:25.303,565951111589265432
LeCerial,Yea mine for√¶ldre spiser som regel f√∏rst efter kl 19,252070848800882688,735175763745177601,2020-07-21 16:46:00.982,565951111589265432
filetES,REEEEEEEEEE,211105566062280705,735175232096174100,2020-07-21 16:43:54.227,565951111589265432
LeCerial,Er ikke ved min pc lige nu lol,252070848800882688,735175157387231282,2020-07-21 16:43:36.415,565951111589265432
Wansorof,<@!252070848800882688> Er du game? üôÇ,275614374687932429,735174100817018902,2020-07-21 16:39:24.509,565951111589265432
LeCerial,"ved ikke lige hvorn√•r vi spiser, men i guess",252070848800882688,735161355505500201,2020-07-21 15:48:45.790,565951111589265432
filetES,med <@!275614374687932429> ofc,211105566062280705,735157634113601626,2020-07-21 15:33:58.541,565951111589265432
filetES,<@!252070848800882688> BL3 om en times tid?,211105566062280705,735157607723040862,2020-07-21 15:33:52.249,565951111589265432
Wansorof,<@!252070848800882688> kom tilbage,275614374687932429,734853251798925446,2020-07-20 19:24:28.142,565951111589265432
filetES,https://tenor.com/view/women-hammer-fail-gif-14043200,211105566062280705,731569978205274133,2020-07-11 17:57:54.717,565951111589265432
Annaljw,Thanks bro üòõ,425720371518636033,731568977041424444,2020-07-11 17:53:56.021,565951111589265432
LeCerial,<@425720371518636033>,252070848800882688,731555984903897089,2020-07-11 17:02:18.454,565951111589265432
Wansorof,https://www.youtube.com/watch?v=bd79UsXSLWg,275614374687932429,721095196296740994,2020-06-12 20:14:52.098,565951111589265432
Waldo (SakridLyfe),https://w2g.tv/d8lfursiv4r7rdhi91,149352193856634882,717512914411585587,2020-06-02 23:00:09.541,565951111589265432
LeCerial,-volume 20,252070848800882688,711002794693492767,2020-05-15 23:51:16.048,565951111589265432
LeCerial,-play kick out for harambe greazy,252070848800882688,711002480284139570,2020-05-15 23:50:01.087,565951111589265432
LeCerial,-unpause,252070848800882688,711002301808246855,2020-05-15 23:49:18.535,565951111589265432
LeCerial,-pause,252070848800882688,711002253644922941,2020-05-15 23:49:07.052,565951111589265432
LeCerial,-play https://www.youtube.com/watch?v=Vfp1NlMPJjc&ab_channel=GreazyPuzzyFuckerz%26D-Fence-Topic,252070848800882688,711002096010395679,2020-05-15 23:48:29.469,565951111589265432
LeCerial,<a:yeet:565959084466110465>,252070848800882688,704236901963530260,2020-04-27 07:46:01.517,565951111589265432
Wansorof,Fuck yeah ugentlige projekter i det ene fag üòÇ üî´,275614374687932429,704236847395635310,2020-04-27 07:45:48.507,565951111589265432
LeCerial,ja,252070848800882688,704236504993497179,2020-04-27 07:44:26.872,565951111589265432
Wansorof,Gemte du den?,275614374687932429,704236485897093200,2020-04-27 07:44:22.319,565951111589265432
LeCerial,yea han har slettet videoen xd,252070848800882688,704231333005754399,2020-04-27 07:23:53.774,565951111589265432
LeCerial,"Fysikrevy 30 √•rs jubi ARCHIVE: 
https://drive.google.com/drive/folders/1QvxK_RoSkSAER9xBL-FvBN215-mEhqED?usp=sharing",252070848800882688,703734511653093407,2020-04-25 22:29:42.333,565951111589265432
LeCerial,Assuming Han ikke sletter den lol,252070848800882688,703699068597043371,2020-04-25 20:08:52.050,565951111589265432
Wansorof,"> https://vimeo.com/410783701
<@!252070848800882688> pin beskeden, s√• den altid kan findes üòâ",275614374687932429,703697710963884054,2020-04-25 20:03:28.365,565951111589265432
Wansorof,"The mad lad, det er hele revyen XD",275614374687932429,703697492835041360,2020-04-25 20:02:36.359,565951111589265432
LeCerial,https://vimeo.com/410783701,252070848800882688,703667019912052767,2020-04-25 18:01:31.048,565951111589265432
LeCerial,Gemmer lige det her link,252070848800882688,703667004288139365,2020-04-25 18:01:27.323,565951111589265432
filetES,kommer an p√• hvor meget vi spiller dummy,211105566062280705,703567100849029140,2020-04-25 11:24:28.487,565951111589265432
Wansorof,"Fedt, gad vide om vi kan n√• i lvl 57?",275614374687932429,703563220744536155,2020-04-25 11:09:03.398,565951111589265432
filetES,kan godt i dag btw,211105566062280705,703560531667320902,2020-04-25 10:58:22.272,565951111589265432
filetES,fuck dig lol,211105566062280705,703560493377257472,2020-04-25 10:58:13.143,565951111589265432
LeCerial,hvad siger i til sidst i maj engang?,252070848800882688,703560427652644880,2020-04-25 10:57:57.473,565951111589265432
LeCerial,"ikke idag, skal til f√∏dselsdag i aften üôÇ",252070848800882688,703560354248130600,2020-04-25 10:57:39.972,565951111589265432
Wansorof,bl3 senere i dag?,275614374687932429,703560307745751152,2020-04-25 10:57:28.885,565951111589265432
Waldo (SakridLyfe),"wow, a whopping 4 cents off",149352193856634882,702371845596381284,2020-04-22 04:14:57.428,565951111589265432
Waldo (SakridLyfe),https://i.gyazo.com/431699790dc39a197e51378c369b1cda.png,149352193856634882,702371753309110312,2020-04-22 04:14:35.425,565951111589265432
Waldo (SakridLyfe),lol 14 hours when? lol,149352193856634882,702346760722579536,2020-04-22 02:35:16.728,565951111589265432
Waldo (SakridLyfe),https://i.gyazo.com/8d16089aa098e90ad9b8ff78f9c1e16e.png,149352193856634882,702346733451214918,2020-04-22 02:35:10.226,565951111589265432
LeCerial,Mig og kristina syntes det lyder sjovt haha,252070848800882688,702138495564644413,2020-04-21 12:47:42.445,565951111589265432
Wansorof,<@!252070848800882688> Var det noget med at du pr√∏vede at overtale Kristina til at v√¶re med p√• Discord? Jeg er ved at overtale et helt kursus til at joine Discord XD,275614374687932429,702136556873580546,2020-04-21 12:40:00.225,565951111589265432
Waldo (SakridLyfe),https://i.gyazo.com/30fd281ef35f36add51d412f19872464.png,149352193856634882,701949033350168666,2020-04-21 00:14:51.133,565951111589265432
Waldo (SakridLyfe),https://store.steampowered.com/app/223750/DCS_World_Steam_Edition/,149352193856634882,700879620043702342,2020-04-18 01:25:23.132,565951111589265432
LeCerial,Ikke idag üôÇ,252070848800882688,700759874895741039,2020-04-17 17:29:33.664,565951111589265432
Wansorof,<@!252070848800882688> <@!211105566062280705> BL3?,275614374687932429,700755245206077600,2020-04-17 17:11:09.860,565951111589265432
filetES,<@!252070848800882688>,211105566062280705,699952333810958436,2020-04-15 12:00:40.866,565951111589265432
Wansorof,BL3 om lidt?,275614374687932429,699951835145961482,2020-04-15 11:58:41.975,565951111589265432
filetES,<@!275614374687932429> wtf dude,211105566062280705,699673921099792475,2020-04-14 17:34:22.103,565951111589265432
filetES,BRRRR,211105566062280705,699673898848878764,2020-04-14 17:34:16.798,565951111589265432
filetES,DU SKULEL V√ÜRE HER,211105566062280705,699673892460953710,2020-04-14 17:34:15.275,565951111589265432
LeCerial,<:whyarewestillhere:670935838699552778>,252070848800882688,699648800456835182,2020-04-14 15:54:32.875,565951111589265432
LeCerial,jeg skal starte en ny character fordi steam √•benbart ikke synkroniserer bl3,252070848800882688,699647882914955309,2020-04-14 15:50:54.116,565951111589265432
Wansorof,Jeg burde v√¶re klar omkring 19:30,275614374687932429,699549859128016957,2020-04-14 09:21:23.424,565951111589265432
LeCerial,shjould be fine,252070848800882688,699233028559339590,2020-04-13 12:22:25.130,565951111589265432
Wansorof,"<@211105566062280705> og jeg snakkede om at spille BL3 i morgen, <@252070848800882688> vil du v√¶re med?",275614374687932429,699212614529712188,2020-04-13 11:01:18.046,565951111589265432
Wansorof,Nogen der er game lidt senere?,275614374687932429,695661415964606495,2020-04-03 15:50:06.330,565951111589265432
Truxa,https://www.twitch.tv/insomniac_events,190897913314934784,694328949592948797,2020-03-30 23:35:21.591,565951111589265432
Truxa,https://www.twitch.tv/johnoftheforesttv,190897913314934784,694328608898023434,2020-03-30 23:34:00.363,565951111589265432
Truxa,"> ACHOO‚ÄºÔ∏èWhat was that‚ÅâÔ∏è‚ÅâÔ∏èüòèüòè Uh-ohüòØ looks like you just got üëÄüëÄ coronavirus üò§üòúüòú
> 
> Don't you know that the coronavirus ü§í is CUMMINGüí¶ to America üá∫üá≤‚ÅâÔ∏èü§¢ü§ïü§íü§§ The world üåè HOE Organisation üôàüëÖ is calling HOE-VID19üìÖ a POSSIBLE PANTIE-DEMICüëÑüëåüëà
> 
> No more touching daddy üò´üò´üßì until you washüöøüöø your dirty ü§¢ü§Ænasty little ü§û fingersüñêÔ∏èüññ‚úã  for 6Ô∏è‚É£9Ô∏è‚É£ secounds with sHOEp üíß and waterüí¶üíßüëÖ otherwise it doesn't count ü§°ü§°ü§°
> 
> Time to stop üõë spredding your germsü§¢ü§íü§ï and start spredding üòØ your legsüë£üëÑüëÄ because everyone üë©üë®‚Äçüè´üë∑‚Äç‚ôÇÔ∏èüßú‚Äç‚ôÇÔ∏èis TWERKINGüòàüòà from homeüè†üè°
> 
> SEND THIS TO 1Ô∏è‚É£0Ô∏è‚É£ coronavirus cunts üëâüëå otherwise the coronavirus üôÄüôÄ is cumming üçÜüçëüçÜ for you too 2Ô∏è‚É£
<@!252070848800882688> 
Im sorry, men hvad fanden er det for en copy pasta",190897913314934784,690590555880554516,2020-03-20 16:00:19.074,565951111589265432
filetES,ikke i aften,211105566062280705,690275453264855315,2020-03-19 19:08:12.756,565951111589265432
Wansorof,<@!211105566062280705>?,275614374687932429,690271818833068234,2020-03-19 18:53:46.240,565951111589265432
Wansorof,dnur?,275614374687932429,690254473876340810,2020-03-19 17:44:50.880,565951111589265432
Wansorof,I kan f√• gratis gold weapon skins indtil den 1. april til BL3,275614374687932429,689887712102449185,2020-03-18 17:27:28.059,565951111589265432
Wansorof,https://en.wikipedia.org/wiki/2020_coronavirus_pandemic_in_Europe,275614374687932429,689591585213644807,2020-03-17 21:50:45.907,565951111589265432
Wansorof,https://en.wikipedia.org/wiki/2020_coronavirus_pandemic_in_Denmark,275614374687932429,689591428384423991,2020-03-17 21:50:08.516,565951111589265432
filetES,ah,211105566062280705,689564529201512534,2020-03-17 20:03:15.251,565951111589265432
LeCerial,"Busy lol, kan ikke spille om aftenen pga af Didde",252070848800882688,689564277904113726,2020-03-17 20:02:15.337,565951111589265432
filetES,why s√• sent?,211105566062280705,689563887678390320,2020-03-17 20:00:42.300,565951111589265432
filetES,what,211105566062280705,689563871459016761,2020-03-17 20:00:38.433,565951111589265432
LeCerial,M√•ske en gang i april :),252070848800882688,689563719692583022,2020-03-17 20:00:02.249,565951111589265432
Wansorof,<@!252070848800882688> Er du game?,275614374687932429,689563234638102557,2020-03-17 19:58:06.603,565951111589265432
filetES,yessss,211105566062280705,689562359098114066,2020-03-17 19:54:37.858,565951111589265432
Wansorof,bl3?,275614374687932429,689562144785825803,2020-03-17 19:53:46.762,565951111589265432
filetES,kommer an p√• hvad game vi er game p√•_,211105566062280705,689561258713808927,2020-03-17 19:50:15.506,565951111589265432
Wansorof,Er I game?,275614374687932429,689560856459345973,2020-03-17 19:48:39.601,565951111589265432
filetES,not likely,211105566062280705,689538214289211451,2020-03-17 18:18:41.287,565951111589265432
Wansorof,Forestil jer hvis verdenen tog global opvarmning lige s√• alvorligt som corona epedemien vi har nu...,275614374687932429,689535746566389795,2020-03-17 18:08:52.936,565951111589265432
filetES,skal lige spise s√• kan jeg,211105566062280705,688450039894376452,2020-03-14 18:14:40.294,565951111589265432
Wansorof,Hvorn√•r?,275614374687932429,688448541676273664,2020-03-14 18:08:43.091,565951111589265432
filetES,ka vi godt,211105566062280705,688447818339188789,2020-03-14 18:05:50.634,565951111589265432
LeCerial,dunno lol,252070848800882688,688446943499649152,2020-03-14 18:02:22.056,565951111589265432
Wansorof,Spiller vi i aften?,275614374687932429,688446280225128502,2020-03-14 17:59:43.919,565951111589265432
LeCerial,https://www.pcgamer.com/borderlands-3-shift-codes/,252070848800882688,688082378027040775,2020-03-13 17:53:42.874,565951111589265432
filetES,approx 2 timer tilbage btw,211105566062280705,688044865992654878,2020-03-13 15:24:39.308,565951111589265432
Wansorof,Er I begge med p√• det? <@!252070848800882688>,275614374687932429,687948062240538639,2020-03-13 08:59:59.495,565951111589265432
filetES,prob,211105566062280705,687947334373343243,2020-03-13 08:57:05.958,565951111589265432
Wansorof,"Ville vi k√∏be Borderlands 3? Det kommer ud i dag, og der er 50% rabat p√• det i den kommende uge 
https://store.steampowered.com/app/397540/Borderlands_3/",275614374687932429,687946681945292800,2020-03-13 08:54:30.407,565951111589265432
LeCerial,"ACHOO‚ÄºÔ∏èWhat was that‚ÅâÔ∏è‚ÅâÔ∏èüòèüòè Uh-ohüòØ looks like you just got üëÄüëÄ coronavirus üò§üòúüòú

Don't you know that the coronavirus ü§í is CUMMINGüí¶ to America üá∫üá≤‚ÅâÔ∏èü§¢ü§ïü§íü§§ The world üåè HOE Organisation üôàüëÖ is calling HOE-VID19üìÖ a POSSIBLE PANTIE-DEMICüëÑüëåüëà

No more touching daddy üò´üò´üßì until you washüöøüöø your dirty ü§¢ü§Ænasty little ü§û fingersüñêÔ∏èüññ‚úã  for 6Ô∏è‚É£9Ô∏è‚É£ secounds with sHOEp üíß and waterüí¶üíßüëÖ otherwise it doesn't count ü§°ü§°ü§°

Time to stop üõë spredding your germsü§¢ü§íü§ï and start spredding üòØ your legsüë£üëÑüëÄ because everyone üë©üë®‚Äçüè´üë∑‚Äç‚ôÇÔ∏èüßú‚Äç‚ôÇÔ∏èis TWERKINGüòàüòà from homeüè†üè°

SEND THIS TO 1Ô∏è‚É£0Ô∏è‚É£ coronavirus cunts üëâüëå otherwise the coronavirus üôÄüôÄ is cumming üçÜüçëüçÜ for you too 2Ô∏è‚É£",252070848800882688,687648667384938496,2020-03-12 13:10:18.199,565951111589265432
LeCerial,die,252070848800882688,645224646085574656,2019-11-16 11:32:23.321,565951111589265432
LeCerial,nigger faggot,252070848800882688,645224584060338188,2019-11-16 11:32:08.533,565951111589265432
LeCerial,fuckingshittyniggerdiscord,252070848800882688,634011926392995851,2019-10-16 12:57:02.624,565951111589265432
LeCerial,<a:ExcuseMeWtf:583051156456996865>,252070848800882688,634011889046650890,2019-10-16 12:56:53.720,565951111589265432
Truxa,d,190897913314934784,634011886995898408,2019-10-16 12:56:53.231,565951111589265432
Truxa,x,190897913314934784,634011884407750667,2019-10-16 12:56:52.614,565951111589265432
Truxa,stort,190897913314934784,634011882872635392,2019-10-16 12:56:52.248,565951111589265432
Truxa,<@252070848800882688>,190897913314934784,634011829902901254,2019-10-16 12:56:39.619,565951111589265432
filetES,bare husk dette: det var mig der gjorde det,211105566062280705,621344607837618198,2019-09-11 14:01:38.533,565951111589265432
Wansorof,"S√• CA fejrer 18 √•rs dagen, ved at launche en dlc der omhandler en indf√∏dt, der pr√∏ver at √∏del√¶gge den civiliserede verden?",275614374687932429,621331629197230080,2019-09-11 13:10:04.184,565951111589265432
LeCerial,Gl√¶delig 11/9,252070848800882688,621238716299476992,2019-09-11 07:00:52.023,565951111589265432
filetES,Question 5 btw üî´üî´üî´üî´üî´üî´üî´üî´üî´,211105566062280705,620558933475590146,2019-09-09 09:59:39.168,565951111589265432
Wansorof,"Roser er r√∏de, mit sind vil have ro, skyd mig i hovedet og giv mig 02",275614374687932429,620545154314534912,2019-09-09 09:04:53.960,565951111589265432
LeCerial,venter lige p√• at ESL one er f√¶rdig,252070848800882688,597501035631739000,2019-07-07 18:55:47.927,565951111589265432
Wansorof,"Skulle egentlig spille DoS2... Men hvis I begge er med, s√• vil jeg se om jeg ogs√• kan f√• det passet in",275614374687932429,597486466695692317,2019-07-07 17:57:54.422,565951111589265432
filetES,<@275614374687932429> <@252070848800882688> drop ud i aften?,211105566062280705,597486261841821716,2019-07-07 17:57:05.581,565951111589265432
filetES,<@275614374687932429> drop ud <@252070848800882688>,211105566062280705,595558411438129153,2019-07-02 10:16:30.227,565951111589265432
filetES,kan om en lille time,211105566062280705,595542004759396352,2019-07-02 09:11:18.570,565951111589265432
Wansorof,Nu hvor vi alle er online... dnur?,275614374687932429,595541253781848074,2019-07-02 09:08:19.523,565951111589265432
LeCerial,troede bare i ville spille p√• jeres characters og s√• slut,252070848800882688,594658765777797121,2019-06-29 22:41:37.987,565951111589265432
Wansorof,"vi sidder pt og farmer items, i hvert vores spil, hvis du joiner laver vi noget sammen",275614374687932429,594642447779233793,2019-06-29 21:36:47.473,565951111589265432
Wansorof,Andr√©,275614374687932429,594642373049581568,2019-06-29 21:36:29.656,565951111589265432
filetES,efter 12?,211105566062280705,594613492976451584,2019-06-29 19:41:44.110,565951111589265432
filetES,endnu senere aka idk hvorn√•r,211105566062280705,594613463117070369,2019-06-29 19:41:36.991,565951111589265432
Wansorof,Soooo?,275614374687932429,594608411556184114,2019-06-29 19:21:32.605,565951111589265432
filetES,m√•ske senere ;p,211105566062280705,594594507727700001,2019-06-29 18:26:17.674,565951111589265432
Wansorof,Dnur?,275614374687932429,594576352242434058,2019-06-29 17:14:09.069,565951111589265432
Wansorof,Jeg kand dog ikke i aften,275614374687932429,593403694578532359,2019-06-26 11:34:25.695,565951111589265432
LeCerial,More like Diablo only China plays,252070848800882688,593400821169782794,2019-06-26 11:23:00.621,565951111589265432
LeCerial,Diablo immortal,252070848800882688,593400773203853348,2019-06-26 11:22:49.185,565951111589265432
filetES,YoU gUyS hAvE PHonEs RIght?,211105566062280705,593399818458759232,2019-06-26 11:19:01.556,565951111589265432
filetES,üòõ,211105566062280705,593399732064223232,2019-06-26 11:18:40.958,565951111589265432
LeCerial,Medmi Dre jeg kan spille det p√• min mobil,252070848800882688,593399632202170368,2019-06-26 11:18:17.149,565951111589265432
filetES,RE,211105566062280705,593399601932009492,2019-06-26 11:18:09.932,565951111589265432
LeCerial,Er f√∏rst hjemme sent i aften,252070848800882688,593399585867694083,2019-06-26 11:18:06.102,565951111589265432
filetES,<@252070848800882688> borderlands om en lille time?,211105566062280705,593399511326392330,2019-06-26 11:17:48.330,565951111589265432
Wansorof,Dnur?,275614374687932429,593150624107986954,2019-06-25 18:48:48.993,565951111589265432
LeCerial,ja,252070848800882688,592784415562792990,2019-06-24 18:33:38.072,565951111589265432
filetES,rip discord??,211105566062280705,592784377151488010,2019-06-24 18:33:28.914,565951111589265432
Wansorof,Hvorn√•r i aften?,275614374687932429,592781090251341834,2019-06-24 18:20:25.256,565951111589265432
LeCerial,nordet,252070848800882688,592778480706387989,2019-06-24 18:10:03.092,565951111589265432
filetES,jeg kan godt i aften,211105566062280705,592777812243382273,2019-06-24 18:07:23.718,565951111589265432
Wansorof,Dnur?,275614374687932429,592770920456650764,2019-06-24 17:40:00.588,565951111589265432
Wansorof,Hvad f√•r jeg ud af det? üòâ,275614374687932429,592730219954307087,2019-06-24 14:58:16.832,565951111589265432
filetES,vil du ogs√• rette vores <@275614374687932429>,211105566062280705,592730142497964052,2019-06-24 14:57:58.365,565951111589265432
Wansorof,"Er pt i gang med at rette vores projekt... det er op ad bakke, n√•r ens censor ikke kan skrive l√¶seligt",275614374687932429,592728432488742923,2019-06-24 14:51:10.667,565951111589265432
ILDPRUT,M√•ske er den bare RIP,179963604404142090,591572560408215552,2019-06-21 10:18:09.288,565951111589265432
ILDPRUT,Ved ikke hvad hvordan jeg skulle kunne fikse det.,179963604404142090,591572465684054019,2019-06-21 10:17:46.704,565951111589265432
Wansorof,"Har allerede handsome collection, husk at downloade dlc'en",275614374687932429,588387534275346660,2019-06-12 15:21:59.883,565951111589265432
LeCerial,"De vil gerne hype folk op til borderlands 3, men det kommer p√• epic store, s√• ingen gider k√∏be det trash",252070848800882688,588266118955663360,2019-06-12 07:19:32.215,565951111589265432
filetES,buy dat shit,211105566062280705,585913906598379531,2019-06-05 19:32:41.087,565951111589265432
filetES,<@275614374687932429> <@252070848800882688> Borderlands 2 handsome collection for 5 euro,211105566062280705,585913893327601828,2019-06-05 19:32:37.923,565951111589265432
filetES,<@179963604404142090>,211105566062280705,585882953058484233,2019-06-05 17:29:41.188,565951111589265432
Wansorof,https://www.youtube.com/watch?v=UfLLmtdfO0M,275614374687932429,585808968194981903,2019-06-05 12:35:41.822,565951111589265432
filetES,https://tenor.com/view/reverse-card-uno-gif-13032597,211105566062280705,585808456783495200,2019-06-05 12:33:39.892,565951111589265432
filetES,üò¶,211105566062280705,585808417675935747,2019-06-05 12:33:30.568,565951111589265432
LeCerial,d√∏,252070848800882688,585808381487349774,2019-06-05 12:33:21.940,565951111589265432
filetES,#dnur,211105566062280705,585808174980792330,2019-06-05 12:32:32.705,565951111589265432
Wansorof,https://www.youtube.com/watch?v=CIO-2fPkKi8,275614374687932429,582257745437392896,2019-05-26 17:24:24.338,565951111589265432
filetES,https://youtu.be/BFdq6IecUJc?t=1258,211105566062280705,581045041489903626,2019-05-23 09:05:33.186,565951111589265432
Wansorof,"G√∏r han det ikke i alle filmene? Lad v√¶re med at sige, at der ikke skal bruges en eneste diff ligning i hans tech",275614374687932429,579733134170652692,2019-05-19 18:12:30.107,565951111589265432
LeCerial,apparently iron man ||does fucking differential calculus|| in endgame,252070848800882688,578555411528155136,2019-05-16 12:12:39.148,565951111589265432
Wansorof,Dnur?,275614374687932429,578273741851721739,2019-05-15 17:33:23.864,565951111589265432
filetES,what the fuck,211105566062280705,578204032749797396,2019-05-15 12:56:23.919,565951111589265432
Wansorof,10/5 LaTeX og dets fantastiske grafiske egenskaber,275614374687932429,578136721032740885,2019-05-15 08:28:55.555,565951111589265432
LeCerial,vi takker tex for amazing spacing,252070848800882688,578130028051562496,2019-05-15 08:02:19.824,565951111589265432
LeCerial,5 keys,252070848800882688,574266940713992217,2019-05-04 16:11:48.030,565951111589265432
LeCerial,55KTJ-SCRW6-JCBJB-TBT33-9TSKX,252070848800882688,574266930857508864,2019-05-04 16:11:45.680,565951111589265432
LeCerial,5 keys,252070848800882688,574266855502381078,2019-05-04 16:11:27.714,565951111589265432
LeCerial,WCKBT-FR65F-TK3BB-T3JBT-KHJT6,252070848800882688,574266838670770178,2019-05-04 16:11:23.701,565951111589265432
filetES,<@252070848800882688> https://www.youtube.com/watch?v=lFXYZfpUyjg,211105566062280705,574208459398971403,2019-05-04 12:19:24.998,565951111589265432
filetES,https://www.komplett.dk/product/1095351/hardware/lagring/harddiskssd/ssd-m2/intel-660p-2tb-m2-ssd#,211105566062280705,574205376547782667,2019-05-04 12:07:09.989,565951111589265432
LeCerial,=tex \mathcal{O}\omega\mathcal{O} \text{ WHAT'S THIS },252070848800882688,574184654404452353,2019-05-04 10:44:49.445,565951111589265432
filetES,= tex \usepackage[amsmath],211105566062280705,574142485673279488,2019-05-04 07:57:15.636,565951111589265432
filetES,<@134073775925886976> you fucking nigger,211105566062280705,574142349257736218,2019-05-04 07:56:43.112,565951111589265432
filetES,= tex \vb{A}(\vb{r}) = \frac{M\mu_0}{4 \pi} \oint_{\mathcal{S}} \frac{\hat{\vb{z}}\times\vb{n}}{r-r'}\dd{a'},211105566062280705,574142243498098689,2019-05-04 07:56:17.897,565951111589265432
filetES,= tex \vb{A}(\vb{r}) = \frac{M\mu_0}{4 \pi} \oint_\mathcal{S}\frac{\hat{\vb{z}}\times\vb{n}}{r-r'}\dd{a'},211105566062280705,574142019488972800,2019-05-04 07:55:24.489,565951111589265432
LeCerial,=tex \sigma = \frac{1}{n\lambda},252070848800882688,574135860677705738,2019-05-04 07:30:56.114,565951111589265432
LeCerial,=tex \mathcal{O}\omega\mathcal{O} \text{ WHAT'S THIS },252070848800882688,574127749627772929,2019-05-04 06:58:42.289,565951111589265432
LeCerial,<@211105566062280705>,252070848800882688,574127742388535306,2019-05-04 06:58:40.563,565951111589265432
LeCerial,"=tex i\hbar\frac{\partial\psi(r,t)}{\partial t}=-\frac{\hbar^2}{2m}\nabla^2\psi(r,t)+V(r)\psi(r,t)",252070848800882688,574126913447133188,2019-05-04 06:55:22.928,565951111589265432
LeCerial,=wolf int sqrt(tan(x)),252070848800882688,574125350993395712,2019-05-04 06:49:10.410,565951111589265432
LeCerial,=wolf diff x^x,252070848800882688,574125181061038081,2019-05-04 06:48:29.895,565951111589265432
LeCerial,=wolf int 0 to inf 10*exp(-4*x) dx,252070848800882688,574123890281021450,2019-05-04 06:43:22.149,565951111589265432
LeCerial,=help,252070848800882688,574123682994192385,2019-05-04 06:42:32.728,565951111589265432
LeCerial,"=tex i\hbar\frac{\partial\psi(r,t)}{\partial t}=-\frac{\hbar^2}{2m}\nabla^2\psi(r,t)+V(r)\psi(r,t)",252070848800882688,574123392043581461,2019-05-04 06:41:23.360,565951111589265432
LeCerial,dickhead,252070848800882688,574029274210762752,2019-05-04 00:27:23.920,565951111589265432
filetES,cunts :)))),211105566062280705,573932868934434831,2019-05-03 18:04:19.111,565951111589265432
LeCerial,oof,252070848800882688,570507373861404688,2019-04-24 07:12:37.443,565951111589265432
LeCerial,<:thanos:565961991395475518>,252070848800882688,565962025474457603,2019-04-11 18:11:01.939,565951111589265432
LeCerial,<:thanoscock:565961383708065831>,252070848800882688,565961414368428042,2019-04-11 18:08:36.240,565951111589265432
Waldo (SakridLyfe),Acquire,149352193856634882,565959083962925059,2019-04-11 17:59:20.628,565951111589265432
Waldo (SakridLyfe),How do I acudir√© more gay?,149352193856634882,565959054266990619,2019-04-11 17:59:13.548,565951111589265432
Waldo (SakridLyfe),Yes but locked cuz not enuf gay,149352193856634882,565958950529531904,2019-04-11 17:58:48.815,565951111589265432
Waldo (SakridLyfe),We'll also require a credit card,149352193856634882,565958789015273493,2019-04-11 17:58:10.307,565951111589265432
Waldo (SakridLyfe),Could you provide SSN and photo ID for verification?,149352193856634882,565958647826350084,2019-04-11 17:57:36.645,565951111589265432
LeCerial,can you guys see the other 3 channels?,252070848800882688,565958600812396565,2019-04-11 17:57:25.436,565951111589265432
LeCerial,oof,252070848800882688,565958562212478977,2019-04-11 17:57:16.233,565951111589265432
Waldo (SakridLyfe),Internal Revenue Service,149352193856634882,565958471594278912,2019-04-11 17:56:54.628,565951111589265432
LeCerial,lol,252070848800882688,565958384399024129,2019-04-11 17:56:33.839,565951111589265432
The Zar,New phone who dis?,197800982674014208,565958190118993951,2019-04-11 17:55:47.519,565951111589265432
