User_ID,score,last_msg
80256658248314880,19.0,1605731645.444
81414096473305088,85.0,1604776350.474
82985973801029632,126.0,1609450089.955
83174767921725440,19.0,1607525062.375
83709998445625344,255.0,1606390106.412
83935655893172224,18.0,1609291598.137
85614143951892480,2897.0,1625659183.445
86947971710599168,333.0,1611772509.596
90964324293545984,22.0,1632874033.855
95067231825694720,21.0,1605390059.097
95478748568104960,34.0,1607358645.712
97057059853332480,43.0,1625783534.012
97308698203938816,35.0,1606258204.045
97536425636925440,32.0,1606692866.775
98885828742238208,35.0,1624801841.168
99258032776556544,45.0,1632711941.182
99589734036152320,15.0,1607428015.899
100516270318821376,101.0,1608127489.879
100570026695729152,271.0,1602365092.512
100589072443006976,179.0,1600453702.398
101617301387747328,533.0,1603308288.897
104255888549769216,59.0,1608011821.629
105779419792048128,49880.0,1597701902.343
105779624859975680,69.0,1604429560.381
106784256201654272,90.0,1631818169.329
106801589179645952,39.0,1612802850.345
108228386119286784,124.0,1630835654.194
108379339191558144,548.0,1605064101.602
108698042772783104,239.0,1614615362.926
109387074225897472,79.0,1602370617.698
110449112121384960,18.0,1604240181.171
110639126889385984,97.0,1603562697.842
111109068864663552,119.0,1603562613.007
112312822553186304,38.0,1604776207.314
114402646017835012,470.0,1604165791.368
115188636030337026,73.0,1606645943.165
115834525329653760,362.0,1602365111.352
117397807534571520,24.0,1632851498.987
117735276092063745,24.0,1604765303.507
118440839776174081,116.0,1603563128.815
120207833093505024,453.0,1613830313.522
120519582338252800,37.0,1618677698.781
123859174202408962,17.0,1614231842.289
126765501824106506,325.0,1597177001.897
127092101459607553,25.0,1606226913.815
128540657005363200,966.0,1611448034.651
129062664117813248,63.0,1602366567.456
129520748346736640,24.0,1605699714.324
130954924472139777,23.0,1603489833.461
131033071129460736,39.0,1600473504.103
131067894200008704,108.0,1605715789.631
131850489288589312,1903.0,1597177957.425
132145519886598144,107.0,1621694162.524
132926875319140352,20.0,1600501121.7
134046022430097409,40.0,1607951824.296
134165373212819456,43.0,1628899482.623
134283834979123200,166.0,1622324052.281
135599313656086529,144.0,1610220993.789
136005146684424192,17.0,1606592794.954
136382377998942208,81.0,1604310523.708
136478946609987584,237.0,1608782936.51
136729338509787136,20.0,1608568478.217
137220688644800512,16.0,1606417384.499
137391135252414464,26320.0,1594993735.067
137577785962135552,85.0,1600591152.722
137834192833740800,94.0,1604838772.143
138012504763662339,22.0,1607966762.65
138632991067996160,45.0,1602773496.103
139441842449154048,398.0,1605983631.859
139547165742727168,660.0,1610831161.09
139740424150450176,1060.0,1603561074.344
139765374001348608,24.0,1637815919.559
139848098309603330,128.0,1607800913.696
140232718200995851,39.0,1604177154.486
140410213181161472,21.0,1608237405.059
140737560749015040,24.0,1616313853.58
140942961511759872,71.0,1607726421.749
141226471023706112,292.0,1611574185.968
141253981945987072,19.0,1638605028.462
141669503359516672,137.0,1628015400.675
142708402034835456,21.0,1603876080.063
143083875797696512,493.0,1631117814.257
143840350597808128,525.0,1611147461.815
144134431098142721,17.0,1617105784.786
144451922584141824,1007.0,1636568916.994
144566104868519937,2566.0,1604310867.909
144908422528106496,19.0,1600453084.888
145969050076315649,43.0,1610822730.471
146617625495994368,351.0,1625605222.886
147478087095943168,4216.0,1597700373.203
147642180243030016,15.0,1610989610.089
148244249198985216,24.0,1607668069.23
148838025470672897,19.0,1607730097.45
149352193856634882,318.0,1555005414.628
150679504874897408,21.0,1606154753.226
151146389139619840,23.0,1634999524.533
151503877538054144,57.0,1609455701.716
152101323419025409,89.0,1604702237.017
152133242764394497,40.0,1604670227.835
152543367937392640,64.0,1632228674.593
152790376032370688,19.0,1627135287.106
153188027189952513,24517.0,1637514753.443
153505069185236992,16.0,1603866784.445
154737693375463425,190.0,1600469137.966
155050341807816706,32.0,1607524787.023
155419933998579713,87.0,1609251896.489
156088089381568512,34.0,1604411488.796
156632640068386816,17.0,1613579321.629
156927981351075840,155.0,1619356717.961
157187771046297600,41.0,1626073655.194
157484758010560512,19.0,1600456918.932
158604046905769985,45.0,1605529803.12
159361759314968576,36.0,1628079965.456
159985870458322944,22961.0,1594887045.44
160813771990761472,39.0,1613776495.682
160836598940827650,17.0,1603303157.823
160838811033534464,56.0,1614006996.852
161504025722880000,22.0,1611436715.35
161599227473035266,15.0,1610732604.111
161851374106181632,20.0,1600524987.01
161922427192868864,61.0,1611771554.338
162608819149602817,485.0,1600453129.938
163336953545228289,20.0,1607466473.238
163374043322384384,19.0,1600476344.456
163546784495304705,23.0,1597784604.239
164186036912521217,22.0,1627147528.601
164293829262966784,15.0,1627148009.776
164443331294789635,36.0,1604590321.427
164752620831899648,188.0,1601196815.918
165086498167717888,16.0,1608426790.144
165739829454307338,32.0,1613420498.083
166273091654254592,171.0,1605865295.758
166606627737174017,33.0,1603819472.435
166949571971383296,20.0,1612404631.325
167638392920604672,41.0,1612035870.463
168369398791405568,21.0,1602365120.732
168457618204000256,11095.0,1624667377.665
168930198555852800,16.0,1605468490.527
169161943511203840,41.0,1611767590.139
170488803859890176,278.0,1610287850.636
170560119120068608,56.0,1600449107.269
171307676519628800,20.0,1604774843.756
171741829245435904,22.0,1607444260.192
171938842222264321,16.0,1610041875.017
171976511199379458,23.0,1600456942.112
172377312556351488,24.0,1639165219.001
172604186075070465,12053.0,1606770928.792
173394613116076032,18.0,1603390362.676
173502453323530241,73.0,1604825390.734
173535484998451200,21.0,1613678429.713
173741974493462528,41.0,1604170623.826
174508274509545472,268.0,1614634127.328
174601534041096192,23.0,1621694253.389
174940943332409344,261.0,1639156530.578
176705110599008257,1093.0,1605520433.596
176732368562946048,15.0,1597784848.672
177107139184033793,4771.0,1602373631.595
177367076632002560,24.0,1605929384.021
177800459879317504,69.0,1597710202.072
178194888112734209,23.0,1636304573.368
178216972096372736,57.0,1613336627.793
178367384707399680,63.0,1612047229.666
178426181715099648,894.0,1611234355.02
178535817411690496,134.0,1621721038.364
178593635514712064,60.0,1613647852.714
179187001885458432,43.0,1614174245.513
179554431304466432,1260.0,1605984966.552
179596455399391232,16.0,1608760703.34
179669013855469568,149.0,1607982991.765
179963604404142090,22.0,1561112266.704
180391851386339328,99.0,1635081980.438
180969948460482560,15.0,1606941810.524
181499953456218112,282.0,1604774934.687
181684628908670976,20.0,1605476691.501
181774102980198409,24.0,1619532814.785
181869476868784128,24.0,1638315649.735
182259667081232384,2914.0,1617396850.086
182970535087439872,65.0,1606321548.538
183209420879036416,4892.0,1605027953.996
184021524083113984,25.0,1637858535.369
184189377419673600,21.0,1621225256.314
184331871176359937,863.0,1629495408.374
184332403567755264,40.0,1605301255.363
184611386628767744,22.0,1638435619.692
185809862725206016,24.0,1605621753.402
186194354770149376,82.0,1607621352.824
186198422125150208,41.0,1606485821.481
186461626373898242,533.0,1607547078.808
186476325748342784,24.0,1606151834.076
186605721255673856,15.0,1604960004.538
186911976448983040,87.0,1605122386.562
187598299266547712,24.0,1629407030.522
188364117323677703,38.0,1606556383.694
188384432460267521,15.0,1604059927.978
188591926461595648,94.0,1637007613.658
189114190462451714,20.0,1606227642.161
189455630937882624,17.0,1621924223.934
189491798983311360,16.0,1609232562.277
189551251883556864,20.0,1603831268.68
190389050316685313,114.0,1604243287.702
190596483689611265,132.0,1607121395.248
190870283026956289,62.0,1606669376.453
190897913314934784,22903.0,1630599475.989
191194151499333633,15.0,1602010081.307
191944848041836545,24.0,1639163207.264
191947296424853504,57.0,1602365118.286
192764267655725056,54.0,1610586014.827
193054105244008448,515.0,1608861221.208
193114727092584448,27820.0,1623693839.843
193342137490735104,77.0,1607432753.337
193768658399395840,20.0,1604774548.095
193774894075346944,46.0,1602365136.68
193784297105129472,344.0,1630936634.941
193813559493394432,22.0,1613656013.768
194466345390309376,59.0,1607357618.917
195274355645612033,117.0,1637007442.349
195493471090376706,36.0,1600448845.221
196260107921784832,35.0,1603291522.591
196370603349901312,64.0,1603853725.488
197077750874374144,24.0,1602365120.668
197098447860400129,19.0,1639181240.716
197800982674014208,25.0,1555005347.519
198477533321232385,76.0,1606227134.559
199547370222911488,57.0,1601761472.356
199762344392261632,120.0,1627485894.88
200357009978032128,41.0,1603275156.006
200727695817048075,25.0,1607772591.577
201048384713392128,185.0,1603322299.883
201292947155714058,47.0,1608756810.196
201678031536914432,407.0,1607966737.607
202132492575178752,312.0,1618481785.054
202134087299760128,18.0,1618006344.728
202296184654659591,19.0,1612399106.935
202454893351403521,64.0,1603275316.814
202500280628150273,16.0,1607428376.379
202518937491996673,16.0,1605473577.625
202527598138359817,68.0,1602772796.268
202539961759694848,18.0,1606642172.559
202877521803476992,74.0,1608497474.629
203195338494967817,22.0,1597859669.925
203958540220629003,85.0,1608356368.092
204859603844857865,34.0,1608686636.766
205267497010593794,24.0,1610188532.045
205668521504407553,22.0,1604337643.417
206102527488425985,109.0,1611815207.772
206145644409126913,142.0,1603818468.646
207810960121921538,24.0,1605987528.73
207957224411234304,3203.0,1603398039.289
207986500128866306,16.0,1605384214.606
208135010966962176,121.0,1617059092.863
208185560903319553,357.0,1604337015.373
208270789710053376,1247.0,1616426495.308
208565013366046720,20.0,1612893345.851
208660979788021760,155.0,1602367911.647
210162626708242434,20.0,1625579443.736
210738322987941888,23.0,1621724067.773
211014917417861120,38.0,1611692551.023
211105566062280705,1802.0,1630175131.063
211127388069822464,215.0,1603563599.588
211176017459412996,83.0,1603818742.595
211497947882455040,17.0,1606242883.384
211505859417604097,70.0,1598117196.826
211534456673009664,65.0,1620661506.388
212261040820322305,37.0,1607720375.499
212623232803667969,22.0,1639257749.314
213341904539090944,18.0,1634765340.714
213610678387212289,51.0,1608586704.07
214112456585379841,43.0,1608661349.671
214385924312793090,24.0,1607199350.34
214878391566860298,24.0,1605983658.058
214901287903297536,16.0,1621965630.096
214999002494533632,16.0,1639134274.608
215354651560771584,18.0,1603331735.96
215555203187998722,130.0,1608213122.574
215594676697169920,20.0,1600453491.765
215976707021209601,322.0,1627764588.223
216427116357484544,165.0,1611775225.015
216499888194715648,20.0,1622035495.345
216571696809771008,18.0,1639226549.269
216961983252004864,21.0,1607094109.783
217009064343896064,22.0,1604960072.431
217333759387762688,1122.0,1600449912.801
217366114571649024,21.0,1611446297.166
217700971369857024,16.0,1604240358.894
218083572374831105,19.0,1600492779.279
218105205877768192,15.0,1604263004.077
218398952846786560,23.0,1607744723.058
218514002970411019,38.0,1604780380.155
218839921123786752,36.0,1604350068.181
219060967584038912,25.0,1631009748.701
219466344993783808,74.0,1612373249.994
219678609655332864,18.0,1605466002.151
219906773283241985,17.0,1603562839.272
220111326557634560,240.0,1611663461.883
220115874454044672,22.0,1615498898.582
220176787609485314,108.0,1611144444.245
220488733667885057,23.0,1605487733.346
220555036046917632,17.0,1607195392.488
220879264847888384,15.0,1627031777.672
221016810324099072,22.0,1611625395.378
221322149212848130,16.0,1614105074.463
221379981169786880,255.0,1604083646.64
221655203529752587,23.0,1614302010.606
221744105271721994,20.0,1619919839.775
221784003089399809,21.0,1613401589.196
222041493999845376,380.0,1622914931.731
222049342834475008,120.0,1603308500.314
222055493860851712,25.0,1609463252.432
222177843528859648,38.0,1631929470.233
223081013708980227,4206.0,1626460289.524
223147628014075904,73.0,1626472557.718
223211739653603329,24.0,1603300254.567
223524597956476928,83.0,1607378459.427
223847835265794049,17.0,1635542812.973
224109102287159296,60.0,1615404535.285
224160889002131456,20.0,1601587524.713
224992452493312000,19.0,1611162947.544
225308054000893953,22.0,1611175486.333
225547180377767936,17.0,1614718651.791
225584004668063744,25.0,1604780762.217
225593304643928064,35.0,1608513699.148
225622177788067840,51.0,1610974924.349
225657147369717760,428.0,1621966135.678
225919549575266304,176.0,1605377659.923
226425202345639936,21.0,1615812909.368
226629965351878657,20.0,1616289869.666
227080570478395393,22.0,1635991196.015
227110646880141312,15.0,1607524400.704
227349326379089921,37.0,1620671349.021
227511047995654145,22.0,1603274177.026
227819103090376704,24.0,1612032786.036
227844973561643009,37.0,1600848074.435
227861927915683840,42.0,1607199304.404
228154846828560384,147971.0,1607849763.026
228195897014616064,19.0,1611867908.353
228836707150069760,19.0,1604158606.043
228943538774081537,42.0,1610833649.114
228972133743591424,18.0,1607664790.801
229158550394372097,75.0,1605091672.11
229675360512507904,24.0,1608069231.346
229771628769181696,36.0,1625901913.827
229988175265792000,19.0,1603394196.855
230050398688247809,104.0,1632647186.015
230094405724405760,23.0,1604180956.41
230132914195529740,382.0,1603284006.117
230288899820355584,2425.0,1616702121.298
230384980616937473,58.0,1603795076.176
230388079637037057,17.0,1606163037.468
230648826388676608,3381.0,1622133659.368
231090350750433280,19.0,1605466227.889
231175503736864769,54.0,1602465940.34
231649711361097728,116.0,1608376681.402
231764902535102464,15.0,1607194245.517
231812806591250432,17.0,1604314713.154
231871906490482688,24.0,1615380560.482
232172493497040896,24.0,1606690539.572
232187595315085312,7839.0,1621812412.622
232531556177018881,17.0,1600450254.983
232687297785626625,43.0,1603976365.316
232939746584821760,15.0,1607452559.0
233191263543754752,104.0,1610770748.789
233300858584956939,51.0,1606607916.01
234395307759108106,40.0,1624567037.932
234644263659372544,133.0,1602626401.746
234685077831811074,17.0,1610026129.786
234748871278985217,38.0,1627246199.184
234970246069485570,39.0,1605645665.037
235086988246646784,17.0,1603314166.588
235107893387460610,23.0,1612094299.6
235328600059019264,21.0,1632053037.059
236131032808685568,350.0,1600518238.913
236231405997260800,57.0,1611501375.721
236274311126712320,23.0,1611442835.146
236552374510944256,37.0,1606343076.298
236923373630914560,215.0,1619217768.224
236950222649950208,121.0,1608154593.488
237204102692470786,164.0,1611963707.142
237320904030420992,95.0,1600452500.7
238054888498659339,5801.0,1606010277.15
238372426428186625,15.0,1635029480.226
238392166639075330,21.0,1617541761.342
238672991276367874,16.0,1605382563.815
238722786019901461,17.0,1600478376.717
238729503747211265,16.0,1605507660.478
239210698641506305,41.0,1613651820.124
239325712186605569,66.0,1609067622.962
239743821980631041,25.0,1604610694.286
239812966856392704,36.0,1606289862.429
239837795428859904,22.0,1600797510.414
240211569852678145,24.0,1632841682.755
240826581088600064,17.0,1615675423.451
241243248813801472,24.0,1629199957.666
241734509505150976,37.0,1610069900.056
241873617053286401,23.0,1639196235.677
241990061485326336,18.0,1617699161.474
242198975426461696,151.0,1604153101.33
242637687683678208,21.0,1600519599.706
242928383623823361,301.0,1615143901.436
242971537005740032,18.0,1617815358.694
242990820611850240,21.0,1604247355.109
243027131435581440,45.0,1608842563.199
243056604193357825,55.0,1602365129.671
243200921859915776,167.0,1602366273.955
243379428992745475,34.0,1611181343.385
243515239524466689,21.0,1607529773.567
243669460685291520,21.0,1612120848.872
243767829294350336,22.0,1638227301.898
244197767357005824,21.0,1613193843.017
244533338092601354,663.0,1620842054.574
244575824932503553,15.0,1634938107.589
245907059445334016,1137.0,1620736818.625
245931195790000128,21.0,1606290751.862
246362271226265600,5581.0,1597864985.523
246552352314753034,243.0,1601702226.347
246625819311603712,23.0,1612348142.093
246780116615692289,34.0,1608654369.15
247012634166034432,104.0,1605203752.954
247068471144349696,60.0,1600507086.084
247810124712902659,59.0,1610561299.397
247848563088818186,48.0,1604332898.921
249228801588985857,1452.0,1611867058.843
249606412110528512,23.0,1608258708.396
249645421775814659,25.0,1606348775.702
249935385705054209,21.0,1603822905.676
250669283124838400,25.0,1600456513.971
250670987576737792,48.0,1607378590.926
250865486852653057,21.0,1605883055.946
251034747206238208,18.0,1607268509.638
251449414294568971,62.0,1604936354.302
251831110852542474,40.0,1606343263.322
252070848800882688,208616.0,1627732512.278
252116865151664128,20.0,1612530744.763
252137443069788165,15.0,1612808379.397
252760529817436160,147.0,1613853746.674
252866976639221761,247.0,1605378724.602
253540744407678978,23.0,1630935561.96
253578939748974603,15.0,1611759671.187
253601728614760448,444.0,1628467504.147
253828047570993162,45.0,1601452804.048
253971375910289408,98.0,1603130387.868
254322945336410113,113.0,1610226388.254
254331116465422338,426.0,1603389860.969
254900740571660288,16.0,1629401932.238
255416574238785536,326.0,1600555131.919
255468985947127808,25.0,1639169222.261
256254810087489536,1494.0,1602623491.08
256437857797931008,20.0,1609708051.349
256536680692056074,166.0,1630787136.507
256612983487070208,15.0,1639164832.931
256711582686511104,146.0,1632258677.335
256874434466414593,18.0,1616003561.548
256886654080516097,21.0,1627114839.763
256902896761831424,41.0,1614257517.707
257101033187180545,421.0,1601920103.993
257252775576993795,36.0,1607981910.472
257486265631506433,42.0,1605277357.295
258601787471298560,325.0,1615148081.963
258608270497939457,17.0,1621111521.054
258955407660285955,121.0,1603995084.03
258976695284006916,8509.0,1603999913.867
258993931197480961,45.0,1611700054.54
259297645439221760,34.0,1611280772.858
259325405591371776,19.0,1613146410.481
259338509712752641,84455.0,1611265349.8
259480928458375168,24.0,1604406016.424
259497111001759745,17.0,1611815412.796
259777365142536192,20.0,1619212933.828
259988933041979392,64.0,1606860627.794
260061889638301697,66.0,1607201075.025
260351847309508608,18.0,1610360151.317
260431326837080064,19.0,1604515306.462
260777089865744384,17.0,1638605599.478
260795093290713088,22.0,1607649967.927
260862469050859521,32.0,1602365101.725
260866540059099136,265.0,1613853808.211
260869616727883779,111.0,1613656416.549
261619147807522816,108.0,1606233038.181
261836517088034826,21.0,1603305139.549
261863207054999553,20.0,1603287631.271
261877823835340801,18.0,1623657368.746
261952279534370826,19.0,1607618224.372
262005966613118976,128.0,1616265152.811
262655766257729546,25.0,1603344563.566
262768766234918912,18.0,1608115802.493
262964269996310538,848.0,1605457126.358
262978832355688448,23.0,1621694063.503
263009484178194452,18.0,1606741496.829
263076092359737354,644.0,1620507467.544
263081188955127809,159.0,1616071063.135
263094635134451712,39.0,1606800164.207
263295987785793538,119.0,1605711728.809
263384589941211138,18.0,1604915796.264
263400733926359040,38.0,1603279529.932
263657297144709120,171.0,1604780066.865
264056110800044032,25.0,1607534228.993
264076549752356869,395.0,1613767668.604
264098434393440258,164.0,1608748063.548
264393533320855555,89.0,1600456154.82
264410893540917250,4849.0,1603390186.723
264453475411165184,3113.0,1610570237.895
264533562584334348,19.0,1616674230.279
264550093208813570,21.0,1608185326.875
264765275918958592,156.0,1613067355.408
265093367518461953,20.0,1611999612.226
265285756539502594,24.0,1620502704.971
265480999247282177,23.0,1607176532.22
265523588918935552,109.0,1612028485.354
265891066773766144,92.0,1605563642.139
266186907317174272,60.0,1608914362.888
266243541934669834,647.0,1608593585.021
266387023504474113,80.0,1605113258.922
266572859571175427,46.0,1607376012.927
266575723551129600,23.0,1603389368.715
266724207893676034,17.0,1601919677.439
266727485805297664,21.0,1611606039.321
267150036717142017,82.0,1604826245.358
267294277325946881,128.0,1601827679.63
267768672188104704,23.0,1607505981.205
268811740291137537,23.0,1605527387.605
268830571692687362,86.0,1639011249.673
269686289102667776,321.0,1627904788.743
269820106681483264,43.0,1606328096.856
269917792038289409,15.0,1600978579.65
270260844288278531,2118.0,1605880826.324
270560379342553088,93.0,1607604935.485
270685473578549248,61.0,1600462509.137
270904126974590976,352.0,1615558706.021
271703783157792772,121.0,1603291492.921
272044079028764672,53.0,1611318684.241
272177174889627650,102.0,1637160015.953
272386125212024834,24.0,1612264001.495
272392008637612032,20.0,1630579361.555
273084521966993408,119.0,1604599295.795
273790493752819714,22.0,1604776921.722
274629550917550082,21.0,1612045497.801
275614374687932429,1650.0,1557908935.555
276058311684521984,77.0,1603840668.598
276065831366950912,41.0,1608562704.439
276466676378238989,73.0,1600467936.734
276833256903540757,1146.0,1600514798.458
277159659385782274,411.0,1610821788.897
277346419067715584,284.0,1608673809.361
277628077117276162,46.0,1600448890.177
277915060737933313,39.0,1610197587.184
277931937736425472,77.0,1607963282.11
278159407039381505,17.0,1607770612.893
278532211396050945,22.0,1606214920.956
278879311627550720,21.0,1604780165.618
278915348852375553,24.0,1618080942.552
279668942577074178,18.0,1600518871.971
279692398588854273,20.0,1635023454.14
279752489212051456,18.0,1607474286.206
279940613707661314,16.0,1613336494.83
280018414821572608,66.0,1606209906.189
280031986100338688,17.0,1613915194.314
280066454903062530,19.0,1600507053.754
281077986814328834,44.0,1606226763.92
281141050679230466,249.0,1608661508.678
281171790078672897,124.0,1637446915.356
281859406558265374,560.0,1602406879.369
282215308708806656,32.0,1605718545.403
282273598247272448,45.0,1628260830.279
282556548742381569,21.0,1622363315.669
282881760587546625,24.0,1612624682.489
282975975954710528,2185.0,1603465834.701
283524643699163137,22.0,1608323336.238
283595633435344897,24.0,1601800856.236
283998351026946050,20.0,1611166621.204
284086835947241482,16.0,1602445704.28
284374662245384192,66.0,1602627698.54
284390221246889984,18.0,1607673512.601
284478571190288384,19.0,1639353008.38
284727081127116800,19.0,1614380480.245
284959803925856256,322.0,1625958138.849
285153682146983936,40.0,1629539306.227
285480424904327179,2809.0,1605986042.117
285508988601106432,177.0,1613084293.637
285528493364609025,16.0,1633738277.974
285597118654054404,21.0,1605638277.727
285748034476703744,141.0,1613639638.501
285794877357162497,69.0,1600451749.74
285825333524037632,21.0,1606863361.943
287141350774931456,211.0,1627277632.549
287330510206664705,16.0,1607362538.497
287397105377607680,18.0,1605783828.912
287591374306541568,47.0,1604258503.96
287598850003173387,77.0,1608403309.966
287632251666300938,63.0,1623167164.035
287652231547977738,15.0,1603354641.976
288032517104336900,62.0,1628471844.098
288584988595847168,15.0,1614452917.742
288685383577894912,41.0,1636141466.608
288701224004485121,21.0,1611656230.224
289478137375490050,15.0,1611180648.938
289869431876616193,20.0,1617479283.483
290005482737893377,20.0,1636741748.897
290293728206127104,333.0,1607576550.611
290319429558992896,21.0,1604772314.336
290480662681616384,373.0,1607552752.97
290582828343754752,1355.0,1635592168.689
290590863762128896,38.0,1618587307.964
290842420898299914,21.0,1605984526.083
291191537600167936,86.0,1604233557.399
291191782904168451,41.0,1611164414.353
291221498058768384,233.0,1634058738.632
292055691496259585,21.0,1606594854.984
292734507994316801,25.0,1609609798.869
292921672078589953,18.0,1635683783.312
293499676567666688,77.0,1622790160.984
294784418336342016,19.0,1606224525.789
294882584201003009,15.0,1616186348.042
295505197722107905,76.0,1603275214.997
295535376683237376,19.0,1611145027.722
295572321349926913,226.0,1606524044.711
295784122641678336,25.0,1611381105.249
295944470787129344,42.0,1604164909.602
296072620997083136,44.0,1606292532.424
296308455826915328,64.0,1620422344.794
296336874014900224,1879.0,1605729877.226
296378637865713666,48.0,1600467171.786
297430505203171331,25.0,1607468848.722
297461091880009728,76.0,1609560889.475
297476495872622592,86.0,1603627648.948
297668217189433345,641.0,1607798443.708
297784537935642625,50.0,1607442632.603
297856018724028426,77.0,1600458502.116
298029367165190154,18.0,1600364232.775
298244228092264458,143.0,1600458421.197
298477223466237953,17.0,1603560850.263
298542492620423168,15.0,1603819361.481
298604971224727562,23.0,1606501218.718
298803418007339010,24.0,1607171937.495
298944852710916098,21.0,1603829839.044
299212856363057153,162.0,1639245578.387
299603364810063874,4978.0,1626459863.626
299959028178747394,25.0,1605383473.837
300063299490283531,159.0,1603343257.621
300077835522015234,23.0,1612842373.607
300253737644064770,41.0,1605540062.365
300358217979002880,19.0,1608807651.856
300452950780936213,41.0,1606941592.243
300924721011359744,36.0,1608818951.568
301014856797257729,44.0,1612959836.398
301161520568598528,90.0,1629282495.884
301238864402448387,3987.0,1602887177.489
301377723606106120,42.0,1603285828.933
301613319998013440,22.0,1607533047.648
301665743223783424,21.0,1618089883.275
302075916203589634,22.0,1613733776.362
302334603148918785,20.0,1606158590.546
302434687396216843,52.0,1619021804.606
302563894445211648,42.0,1608172482.772
302840390967492609,25.0,1626435243.589
303223867244150784,1989.0,1604218623.243
303226010218921992,21.0,1604554728.22
303244547935174677,41.0,1606299793.664
303245948732178436,1797.0,1597690966.548
303305265292509195,55.0,1627492854.427
303522958352056323,40.0,1612866668.524
303588806714589204,22.0,1604780156.721
304238019332931584,101.0,1611627695.349
304665009424695297,17.0,1605534873.916
305047730269716493,224.0,1624376628.988
305395268365582336,49.0,1629488371.026
305472075697750017,219.0,1620523875.835
305793873567940609,61.0,1603331682.311
306029694262968322,22.0,1605900007.124
306625753943113738,143.0,1605198222.289
306800551633354752,39.0,1607198312.274
306835329267007488,3708.0,1617290279.528
306837593386123265,22.0,1612221015.918
307236497185046539,1446.0,1615455856.068
307496955205124117,18.0,1639165519.993
307657639821705227,20.0,1608051192.865
307830957375750145,6904.0,1612042513.824
307949514025598976,16.0,1604080219.048
308315099578236948,256.0,1624745063.464
308619988938391557,16.0,1611795538.929
309026577226661888,23.0,1607199552.508
309092749636796416,1147.0,1594996033.791
309116319444500501,19.0,1604110364.075
309242137696927746,24.0,1622933257.137
310118346659987457,25.0,1615315609.935
310410787833511936,25.0,1609255560.875
310711484680241152,37.0,1600455543.49
310951864558682113,192.0,1622651881.875
311544370526420993,25.0,1606658212.197
311840723706183680,17.0,1608322170.229
312296984084086785,45703.0,1594989687.279
312569216828047360,23.0,1605137700.464
312974271918112768,20.0,1627123731.37
313378078736908288,20.0,1607378665.485
313389604847878150,35.0,1607866195.843
313625081966231552,74.0,1633109147.576
313778770798575619,57.0,1618666928.643
313851918676131881,45.0,1612573355.5
314066805897297921,23.0,1610818760.142
314088450334654466,25.0,1600458795.067
314233012441186305,53.0,1601739606.423
314379450601046016,46.0,1610961515.711
314470478934966274,15.0,1616615316.596
314690934967369729,714.0,1600465192.604
315407643701149697,627.0,1600455733.853
315877040106766337,181.0,1612038520.279
315959780952768513,18.0,1613432892.796
316263413003321346,23.0,1604774508.821
316866642997018635,47.0,1603897951.197
316959112602583040,54.0,1602365126.335
317001025074757632,190.0,1608377543.583
317125842935349249,17.0,1612643468.911
317209107000066050,1569.0,1600453788.867
317350735337750540,23.0,1621714428.349
318128061231005698,15.0,1604678873.211
318353912203575296,130.0,1621707787.201
318494311803125760,79.0,1624739721.419
318806176739622923,303.0,1618744464.997
319085562323533824,532.0,1597868825.74
319506745917440002,20.0,1600459735.175
319631462779453463,19.0,1613066890.874
319847425315569674,18.0,1605877275.256
320161766208176128,15.0,1611737636.956
320283516858269706,36.0,1604003074.891
320585055174918144,18.0,1606686734.99
321333143837868034,64.0,1609610283.279
321363724768116737,22.0,1614097237.455
322091982623211532,21.0,1639386474.226
322439357619240960,18.0,1600526522.8
322719381392064524,36.0,1632051602.432
322755578159955968,36.0,1606589257.441
323084930131296259,173.0,1610286466.677
323179157725118464,66.0,1605120439.707
323255302315311107,5076.0,1606042776.39
323292087749574658,37.0,1603817591.891
323458838261137408,24.0,1605384499.874
323546317928267797,31.0,1607628396.586
323849866549788673,48.0,1607995029.615
324169389400391682,44.0,1600461142.384
324188126014865408,499.0,1600458137.421
324201379881287690,23.0,1609946623.454
324631108731928587,77.0,1604078650.493
324688423820460032,173.0,1607356904.381
325035007682805784,35.0,1604243365.686
325225515357175818,4354.0,1614500862.141
325821936636788737,42.0,1604447931.091
326006882571386880,23.0,1600460221.342
326087447542890508,39.0,1600467779.408
326116354640052224,25.0,1608747086.101
326340661559427074,16.0,1605457291.514
326429580846170134,61.0,1606552916.074
326463274810081310,25.0,1607969756.657
326537663412961281,44.0,1614571480.98
326723014185975808,23.0,1613070965.87
326725642072621058,14757.0,1603758430.991
326799784335900682,273.0,1612883544.224
327318654477926401,1127.0,1603141863.079
327480440849956864,16.0,1600449562.126
327562660377788416,22.0,1603285316.321
327617946635468801,21.0,1603227844.348
328065182817452033,172373.0,1603056998.635
328882236780969984,18.0,1603278631.401
329272878283620354,88.0,1600878142.15
329593552889708554,25.0,1605746821.976
329669981887266818,166.0,1605982302.092
330680459606622208,36.0,1609930602.884
330757501005987841,141.0,1609446881.579
330814740320354304,652.0,1620399866.639
330840541686136843,148.0,1602669185.476
330967972061380618,16.0,1610706899.843
330989492481556491,45.0,1607626457.421
331092314883751946,17.0,1615235649.571
331387211016568832,96.0,1620154236.521
331754600904392704,189.0,1600556531.383
331774163092242433,63.0,1633543876.596
332276621945995265,126.0,1615972508.87
332575896651431936,77.0,1611349848.574
333330803335495680,24.0,1608406376.038
333474927657353217,603.0,1600662191.446
333659295390498817,18.0,1611570957.396
333993210458144768,23.0,1612038544.715
334179637624045569,24.0,1621184687.056
334292951431905280,478.0,1604165334.218
334297479883259905,18.0,1605109036.517
334421407331254273,18.0,1609717482.555
335161241809190912,23.0,1614459417.381
335526079357911043,159.0,1605554133.769
336472288067190792,18.0,1611179468.981
337658414299873280,34.0,1606590096.782
338142995826081792,147.0,1600450356.546
338281185853833217,21.0,1606164175.692
338351756637634560,15.0,1633950291.67
338403248526327818,326.0,1609350042.746
338430424961515520,23.0,1614099707.884
339016376163500033,33.0,1603275686.431
339844674539880448,1291.0,1613556325.16
339911898667679745,3105.0,1608376677.288
340099614231232513,31.0,1600879651.969
340639197331324929,16.0,1608108892.114
340880981902884867,174.0,1635596265.022
341685611570397185,15.0,1606754909.705
342037209270190090,18.0,1624652539.694
342068051841384448,65.0,1607365884.873
342532259183853568,119.0,1605648476.802
342770560243204097,42.0,1639002337.967
343079817123594261,43.0,1636148758.478
343107293484679168,19.0,1622238687.739
343401880426381321,126.0,1614278302.176
343820714547085315,17.0,1619113971.114
343966792672215041,25.0,1608839592.474
344169345108279296,1059.0,1616889065.033
344382083831037952,17.0,1606153918.211
344861864049639424,22.0,1613510554.175
345120440517132288,323.0,1608067628.134
345212745043542016,17.0,1605394102.182
346025311512559616,25.0,1603819425.224
346203852749406218,169.0,1613390840.146
346323917767442434,17.0,1617923302.75
346713352912764939,150.0,1607006412.532
347168509035413504,194.0,1606305341.773
347306293310128129,40.0,1608074970.566
347343225759203328,55.0,1604651763.135
347413830751748096,18.0,1633714383.547
347791864356667393,58.0,1603564373.729
347857991523106817,1056.0,1606159116.92
348077333820997633,22.0,1604240561.045
348121831284146188,61.0,1605196931.789
348265333121089536,22.0,1639318581.992
348804185468305408,22.0,1626973806.102
348874488269766667,15.0,1606405417.818
349434847757991937,376.0,1626108486.456
349514950240239616,18.0,1614196453.026
349555504181280770,147.0,1604776671.799
349635185224187924,18.0,1606858123.702
349856885106802688,16.0,1611359744.022
349958523825815563,39.0,1608143885.107
349960774590005248,23.0,1604773854.84
350027480859541504,142.0,1614772640.741
350349451933646849,564.0,1605437020.221
350451869782638602,424.0,1620622792.848
350578245349015552,24.0,1608586604.413
350587526928662529,46.0,1608639119.531
350626753892319232,20.0,1628622104.514
350730487414784000,43.0,1605527398.742
351090268901998604,37.0,1616795354.86
351096835349413890,20.0,1604574103.159
351160159017369602,91.0,1605381213.828
351314033368104964,17.0,1610218122.563
351334097999626250,41.0,1636157262.217
351398375821803531,84.0,1607719854.413
351431843482042371,43.0,1613064993.776
351720937055453194,25.0,1610221181.502
352115205364252685,405.0,1607200457.818
352124744667103233,24.0,1612869231.262
352126522792083468,45.0,1609457359.427
352136538513080320,37.0,1613053691.266
352519349912731650,20.0,1611571119.336
352521106592235520,59.0,1605656776.493
352536739329343493,18.0,1606156156.53
353149898432184320,231.0,1606944791.714
353231228650127360,292.0,1600456086.703
353469285680807936,290.0,1611449243.333
353506396618358784,136.0,1635112111.082
353568384752943104,20.0,1610216230.097
353998978863333377,104.0,1633128801.189
354271804778348546,20.0,1609753730.874
354281906369462277,190.0,1600463064.753
354589489030496256,95.0,1605509570.08
354626447962406913,177.0,1613743589.47
355034048663650315,40.0,1624771866.856
355433221422317569,67.0,1636105380.371
355617865694445569,195.0,1611155030.982
356008695064428545,60.0,1630433630.087
356796356809195521,23.0,1621196682.099
357132481595572225,35.0,1609753613.715
357269911480958986,133.0,1600465285.589
357636330341138442,136.0,1611235500.947
358272308206632960,39.0,1639297801.822
358340142450081794,118.0,1607702692.05
358345755884257298,18.0,1606220120.287
358705123486334977,22.0,1612641379.177
359044130355281920,16.0,1613745514.871
359674093064290314,82.0,1606859521.572
359677170445975553,93.0,1604247980.703
359738152992243713,33865.0,1608281235.228
360333171105071104,42.0,1626213658.389
360683248151429131,76.0,1600461173.306
361167206849183744,18.0,1617888912.676
361182278287622146,17.0,1604439244.306
361202883573710862,63.0,1606653784.215
362669856035962892,20.0,1612264619.671
362678783414632459,25.0,1604615480.247
363010288330473473,178.0,1619195191.574
363136983016407051,18.0,1604468083.388
363776633146048512,188.0,1613254474.423
363791881743892497,252.0,1606921854.574
363988873501474818,17.0,1607689196.532
364021054198251531,194.0,1606671494.655
365185472299008001,17.0,1605537428.713
365544617619357696,159.0,1597917490.323
365770144422821888,42.0,1612424771.204
365970305660878849,305.0,1627245637.254
366209695897223169,17.0,1610378243.671
366278957898924044,247.0,1614125082.14
366619240981200897,16.0,1607867733.414
367735047928938516,472.0,1604003229.629
367847346681151488,97.0,1609947213.435
369096388325146624,33.0,1597849093.998
369614695348305944,158.0,1617941230.296
370532572176056321,109.0,1613249737.942
370660333783613441,85.0,1604778105.193
370883450569228300,24.0,1613849914.25
370976622406270977,16.0,1606292365.086
371015939661234190,316.0,1606657911.525
371428306878201857,43.0,1606208702.136
371601466911096833,19.0,1634402172.374
372811115144413205,21.0,1617790431.643
372812562183618560,17.0,1603287982.357
373173879520362506,25.0,1611188993.302
373179160861999106,19.0,1606162764.698
373193410019852288,338.0,1608655832.544
373578231078584321,22.0,1602341127.083
373788834841755649,18.0,1605541850.193
374169439156961292,80.0,1603287913.141
374255028774633473,167.0,1627153034.974
374676687176204308,220.0,1604067238.065
374816878872363019,104.0,1609689156.204
375434906291142666,40.0,1608253534.307
375744036566335498,24.0,1612635686.287
376117037543456771,829.0,1600465057.677
376132421676040192,44.0,1615797814.195
376160118976413696,48.0,1608407830.994
376401013609070596,1628.0,1607525591.837
376444882077614081,15.0,1614521365.737
377092395931795458,1731.0,1604336898.106
377110529585709066,311360.0,1610052080.76
377853972792344577,25.0,1603277341.428
378384454348963840,24.0,1607365235.447
378707351424991244,24.0,1620240157.195
379260225603108874,83.0,1607200630.661
380017826997469196,62.0,1603278399.25
380055312087908353,64.0,1607430209.241
380319502954397707,85.0,1606670437.044
380405479538425862,15.0,1605479716.837
380436660330168340,111.0,1616317877.519
380729779147505664,143.0,1601741300.049
381051733151055872,69.0,1606343153.797
381095781958025217,65.0,1608414079.974
381498111446745095,59.0,1607966771.502
381814540108693505,41.0,1604346108.145
381834556510175233,6641.0,1608413632.39
382279373383925770,915.0,1605386448.171
382288639452905472,83.0,1604082314.42
382972311998955530,25.0,1607200534.241
383302441950511124,19.0,1607789020.739
384066022572949534,181.0,1606140005.933
384122310447071252,22.0,1619016207.159
384410677504376846,541.0,1614958635.083
384425817196855296,172668.0,1616163731.56
384809690791673868,17.0,1610371851.09
385140948042252298,20.0,1609512874.215
385470485359624196,351.0,1607770611.907
385816724814954497,60.0,1608211607.828
385829258469179393,19.0,1615281206.949
385923044121509891,157.0,1612297769.952
386085578124296202,130.0,1605604199.892
386569868482314252,32874.0,1603996575.457
386828926846107648,16.0,1621541456.517
387280902155141122,65.0,1606330927.251
387691268223795211,74.0,1603284742.531
387829787902607361,140.0,1612890319.997
388026179329720323,19.0,1604097587.148
388708969746792460,24.0,1600448948.003
388985619138871307,55.0,1632141938.856
389021407591530499,5357.0,1601797236.611
389087984349085696,499.0,1621723589.316
389120026327908352,23.0,1607377151.26
389295182656307212,43.0,1637820762.66
389676291915513858,19.0,1612230932.298
390284165238489089,17.0,1604772868.504
390720615302037505,239.0,1614553421.668
391088433000349696,41.0,1606220101.133
391320173883424770,89.0,1603393113.536
391519818571841547,337.0,1606985221.963
391728073931751425,1129.0,1606936692.584
392018961853841420,260.0,1635526485.797
392023869193453583,455.0,1607200601.442
392041910874800150,18.0,1612689910.824
392484093834690571,15.0,1613234265.326
392744112358686722,15.0,1611342014.279
393114518991142944,51.0,1605631773.717
393988590138294283,90.0,1606231736.508
394570978056732683,20.0,1609355914.094
394594796548653056,900.0,1632167751.485
394626409903161346,20.0,1603969532.367
394903371036753920,58.0,1606832494.248
395143247594389504,21.0,1609449826.738
395280343491543053,21.0,1620230994.525
395321735865434112,37.0,1615403527.148
395415695304687616,6106.0,1607954125.556
395679134145052683,438.0,1606760329.46
395946551123378177,770.0,1604962674.326
396232125084467211,25.0,1606355025.311
396303574868688898,19.0,1610020045.362
396431935402016769,76.0,1631443923.011
396728705130692609,108.0,1621620467.85
396743227249786890,70.0,1605730923.806
396799177666985984,35.0,1618056569.973
397298521499369472,16.0,1633075044.732
397879781292507137,174.0,1612094548.016
397905734073057281,2278.0,1603947373.744
398177028219600906,61.0,1600454058.989
398218827143446540,19.0,1616332059.974
398369363784368128,3361.0,1600451674.066
398462586779336704,18.0,1611773017.639
398519740219392003,18.0,1621708674.988
398578955101143060,39.0,1600515181.142
398632204672172033,304.0,1628185662.34
398653244902998038,17.0,1605714852.564
398880740051255296,16.0,1614255224.989
398919243963301909,21.0,1617022181.341
399277208830476299,3221.0,1604068972.971
399312215297228811,240.0,1610499375.952
399559018953310208,38.0,1613136551.081
399667771404713994,41.0,1600622340.864
399942717473292289,2996.0,1600452177.734
400834586860322817,155.0,1605824860.463
401382227923173376,23.0,1603274370.618
401430827961024513,64.0,1605451135.275
401475384975032328,23.0,1604777607.872
401725422175387648,21.0,1606173994.28
401737775017361422,40.0,1628896441.351
401795293797941290,25.0,1604165660.089
401859456914161666,43.0,1606398736.26
402208541731061761,52.0,1605985502.937
402213786892894208,18.0,1600490314.283
402430667939512321,20.0,1600865909.471
402798414540308480,35.0,1606533851.241
402852975938109440,36.0,1633640534.574
402900406054682629,20.0,1604170623.516
403149266589188096,176.0,1600587697.234
403156525029392385,93.0,1615915705.522
403269386317725717,16.0,1619037058.336
403346185030729738,20.0,1603285805.23
403544032980107264,21.0,1607200138.354
403580913948164097,40.0,1605550400.479
403955213381402634,118.0,1603312591.847
404000595310018571,20.0,1606162968.934
405356653089652737,40.0,1610711161.257
405359946469736478,154.0,1605958999.805
405588073251078164,22.0,1606696420.022
405960482076229653,54.0,1612860060.524
406317297293066241,134.0,1607582356.857
407141214010343424,1932.0,1605386466.506
407477307792424980,494.0,1624645860.456
407759711253823498,40.0,1607750311.199
407797228766363668,19.0,1622839398.986
407944843218649098,315.0,1630413809.076
407994195136217089,89.0,1617912790.17
408370824152743937,1459.0,1600457730.456
408623768626266113,87.0,1605725294.987
408692842295459850,355.0,1598160485.066
409397936791879687,65.0,1603965157.897
409411809209221122,157.0,1600670773.086
409801179476787210,39.0,1625678651.423
410252954797604864,446.0,1607966755.063
410529332046594048,15.0,1605637169.288
410779179597037570,74.0,1606322544.809
410973749622472705,45.0,1614572715.895
411490132903067648,64.0,1603274381.654
411518552500207617,23.0,1619611790.863
411915979426234368,21.0,1605664046.292
411998647014916098,22.0,1607201525.651
412236151072620555,15.0,1612031223.802
412799241753460737,18.0,1617007774.506
412907144082358272,20.0,1612038750.734
413016122481311755,177.0,1603561054.775
413263477335916557,16.0,1609753740.313
413415337678209025,152.0,1605717727.501
414774645540126740,45.0,1618471602.89
415891653149196291,17.0,1622057685.01
416598089173041162,35.0,1607503308.028
416618937015468033,21.0,1607816991.6
416622583920852992,17.0,1611188980.616
416716582333710346,18.0,1604170639.597
417033676887687179,19.0,1603316911.253
417406774157770757,15.0,1630359560.742
418047665281040395,306.0,1606288322.906
418562267802763274,24.0,1605185215.553
418602079779815425,46.0,1617391990.087
418781652949532672,23.0,1606984664.28
419375751872249866,20.0,1608612366.948
419926765235077132,33.0,1607094131.889
420290948040491018,45.0,1611147676.2
421035691212931072,12690.0,1615416496.846
421472887099359234,24.0,1622203050.683
421750132011171850,21.0,1613836358.827
422336444544057346,17.0,1610753870.029
422464665314918400,529.0,1612897164.34
423149459346817067,20.0,1612828870.578
423318217268658206,218.0,1600539996.804
423545858181562380,37.0,1605554235.101
423566588726214656,667.0,1616709485.396
423875734935961600,43.0,1606334032.973
424238953088942082,15.0,1639256977.889
425274336434192385,25.0,1613399089.087
425292681711714306,178.0,1635856181.48
425314843193638913,17.0,1611236870.726
425720371518636033,20.0,1594490036.021
425780065268400128,371.0,1623086686.804
425948938747641858,36.0,1611006279.561
426019771897610252,16.0,1606159136.467
426761273615581184,101.0,1635101984.055
427173776422076416,75.0,1611702540.619
427191393128022017,114.0,1606858086.573
427284117214855173,18.0,1604776799.169
427838505977118733,68.0,1608065241.722
427851001870024727,68.0,1624153306.436
428161537472069653,20.0,1613119792.431
428186000108552192,39.0,1615229443.595
428282400985055259,35.0,1607762895.657
428557113590153216,86.0,1608226465.677
428640075614650378,23.0,1605982768.802
428647402950623264,19.0,1611063335.095
428989471745245186,31.0,1612995822.519
429009602122612739,366.0,1610379136.958
429215616574947330,15.0,1606561127.905
429310775186685953,872.0,1605992818.236
429726890714988546,147.0,1605613149.715
431807815699529729,312.0,1611219162.525
432009731054370817,23.0,1600484714.238
432181961591750666,18.0,1609783531.64
432200184450252811,40.0,1612951222.433
434028747197382676,134.0,1600469184.633
434050273824997387,37.0,1606653775.593
434086761170468885,21.0,1607200148.581
434540246542057483,310.0,1638704494.828
434751892665663490,118.0,1600452955.634
435821043492454410,19.0,1631636621.441
436952319385665536,87.0,1627491143.133
437498375592476672,170.0,1622983629.226
437714631721746453,61.0,1601828492.705
438779661363707907,4846.0,1603964561.435
439365428221837313,81.0,1603971235.571
439479993320472576,19.0,1617405669.725
440184819687882752,121.0,1605657430.928
440854697373597716,90.0,1618246548.662
441601788026683394,15.0,1599669673.698
441974714756235264,21.0,1631608265.199
442608632258101248,25.0,1606754753.738
442694162752733185,20.0,1606163032.121
442716704158515201,39.0,1635020215.146
442737467179925514,232.0,1600452345.788
442856208123035650,25.0,1611400570.601
443102424358453259,21.0,1613849943.745
444453348519968769,260.0,1603282691.612
444596825006145556,16.0,1630848449.579
444781717996175380,21.0,1611356604.142
444939972911562763,17.0,1607704475.933
445049287286456326,457.0,1623530054.244
445224810511859733,25.0,1618017431.082
445607684805230624,255.0,1605523181.246
446025866015801344,34.0,1603274186.303
446370989480214558,423.0,1626069179.054
446885691930968065,623.0,1637220098.909
447088188888973315,36.0,1613582413.898
447362616982110250,58.0,1637669587.437
447421118282727434,25.0,1605621704.635
447709118149427200,81.0,1611939045.486
447842887825227806,43.0,1606153686.855
449573840000122910,44.0,1607610899.821
449597987501506570,20.0,1639244343.402
450057969124769794,19.0,1607702877.567
450558454315220994,76.0,1604758817.026
450747137245052948,23.0,1612810051.19
451453434168606721,16.0,1607424790.257
451752450773483530,475.0,1606609777.994
451840697449054218,600.0,1610752221.882
451872794599489575,22.0,1616439142.723
452286794117939202,82.0,1603280341.084
452424474877362177,22.0,1614081625.307
453039759607070720,40.0,1600462104.47
453208651281203200,874.0,1605896353.748
453247585973567508,35.0,1600530420.897
453267651779887135,99.0,1602451011.814
453999834676854796,153.0,1600785539.026
454260279136616449,2795.0,1615495071.732
454290115485892608,22.0,1608405500.259
454381980528672770,17.0,1607441057.686
454546365364830208,16.0,1605381546.927
454769306467827712,22.0,1608728869.696
454916923805925387,32.0,1608664000.774
455027889889345537,117.0,1605051927.497
455355554500706314,19.0,1611738272.915
456226577798135808,46942.0,1613862309.279
457657701598756875,85.0,1607512153.118
457744908451708941,84.0,1607201296.937
457905484800983059,64.0,1605714680.281
457945696012861442,23.0,1608065684.92
458298651668774912,24.0,1606257336.214
458430877685252096,180.0,1627010985.162
458726165658468361,87.0,1606143501.351
459430372661395476,18.0,1608255737.101
459749945717817356,107.0,1611183627.926
459778669813170186,203.0,1611144789.301
460493443727097879,15.0,1614028412.65
460569929284976650,40.0,1605528122.868
460885532566618132,954.0,1604075373.337
461180585063481365,17.0,1608809728.345
461268623022096406,34.0,1612895802.354
461744023250665472,20.0,1611719734.817
462618833182785536,17.0,1600516493.272
463047233395490816,25.0,1607429177.563
463329344333545472,484.0,1597235514.359
463401272327012352,21.0,1609698523.044
463646369337311232,109.0,1597173151.452
463764785721245696,25.0,1606154944.002
464158300846424071,24.0,1605460409.463
464424893979820033,90.0,1607209224.295
465220916729741314,100.0,1636141402.227
465490765595017216,16.0,1605465532.379
465574671216279552,115.0,1603291709.043
465861162127458314,46.0,1633799477.632
466235174934282251,134.0,1602366550.297
467179585868529686,15.0,1611953410.931
467449002044948480,713.0,1606154084.264
468763385430016003,19.0,1639318546.706
469318419884408832,355.0,1607902526.653
469843844557570048,104.0,1609961093.12
470329839329607700,19.0,1600460668.898
470859622786531338,25.0,1639090357.346
471332335313354752,39.0,1630778375.143
472516811246665729,35.0,1617990310.781
472844732951691264,22.0,1636139962.192
474158219942559744,19.0,1609456236.23
474181412556242959,46.0,1600527797.716
474626588403826700,249.0,1610212471.268
475316491190009877,24.0,1623693247.98
475401359055650867,25.0,1604353333.74
476130889307258880,25.0,1609243823.14
476270708154957845,17.0,1611145000.527
476386893416628225,23.0,1631094327.378
476521127393361930,43.0,1600530967.88
476832481144733708,15.0,1610286510.458
477531487021826048,1986.0,1610543359.037
477539982400290836,148.0,1607823193.158
478353183614173214,39.0,1621700894.974
478925009335746560,85.0,1608461675.614
479324470901866496,3768.0,1603969185.931
479691351055925249,19.0,1606293928.639
480896699087323137,23.0,1636398074.612
480932368207839243,25.0,1631211172.354
481158780613033994,20.0,1603396793.875
481548971551096854,25.0,1633966797.8
481573260325027843,2838.0,1605718827.757
482143737938575371,225.0,1625164501.71
482298968248680448,83.0,1609109327.309
482433883179057152,19.0,1607880253.539
482606809853460513,22.0,1613153324.548
482885273240207380,228.0,1635852935.146
482890673775968257,20.0,1617568256.947
483202582014066688,25.0,1603987693.281
483309374773788672,128.0,1610384979.234
483665680583884800,391.0,1613652832.591
484753478233882636,127.0,1629115154.126
484807072916045860,20.0,1639159733.629
485116350696652843,1273.0,1607768623.132
485506295240196120,41.0,1621704420.798
485845538508505091,23.0,1605610410.863
486211760890839061,15.0,1612796572.88
486263412326662175,17.0,1605432540.328
486290660664672256,589.0,1604777787.732
487646021770412033,20.0,1608913556.861
488015882698883103,20.0,1617044521.806
488668215950573578,16.0,1603275198.972
488764239201435649,88.0,1613898644.208
489484040135508009,41.0,1600545066.567
490578811025358863,173.0,1610215779.17
490616773511479328,17.0,1611779382.98
491209770825547776,21.0,1611058178.565
491625830628458508,49.0,1605694822.611
491694804770619415,42.0,1607120496.162
491801170839470091,181.0,1622185898.842
491960089960513557,19.0,1620240299.747
492872659638419456,195.0,1623957709.246
493402439790231563,181.0,1600462776.267
494105573113987072,17.0,1611446315.276
494206587863302155,17.0,1611103292.315
494834274076327939,225.0,1633880402.856
494904189365911564,22.0,1607966755.676
495180597371731968,62.0,1607198323.925
495318886317817874,18.0,1612129811.79
497607838613504000,59.0,1607657901.574
497902227978059797,122.0,1608655953.033
498120350165368835,20.0,1610045554.18
498752114009571349,22.0,1612470058.273
498921751909236757,84.0,1616958046.218
499921466955923457,44.0,1604773727.054
499986097435181076,43.0,1603566513.85
500306891008901170,124.0,1615144743.347
500436626489737239,42.0,1623523917.475
501960584116305931,1371.0,1612874024.193
502663997384949771,25.0,1605491266.457
502781432855527424,24.0,1613660107.142
502805109680635913,19.0,1603307068.047
502883956828536832,214.0,1605469571.511
503963391728156682,60.0,1604799089.65
504191637174484992,94.0,1600478339.356
504433928820621315,82.0,1606525379.781
504585613853589524,24.0,1615496462.669
504714387114688512,82.0,1607641816.178
505712422523502605,24.0,1611173701.196
506582712081973278,689.0,1605379374.184
507264130126708737,23.0,1600606628.81
507387676173926426,15.0,1603321185.194
507795256008507393,217.0,1636082546.049
507830585218039808,72.0,1607698698.358
508030188165136384,43.0,1606228318.498
508378181892440075,33.0,1616879218.01
508498277507923970,1251.0,1608376771.088
508992677262655489,23.0,1610927312.469
509187808016203777,421.0,1607513749.973
509575955547947009,717.0,1610386037.863
509729805827047434,35.0,1620174469.442
510468099598712842,22553.0,1628200893.189
510474570872913920,254.0,1605545761.573
510769996834799617,133.0,1616431198.702
510818941178871808,59.0,1603267534.03
511516209473388554,1396.0,1634055819.354
512232998675152896,42.0,1639258049.339
512272021560885248,75.0,1633087015.567
512703778521088000,22.0,1603274868.87
513000113832984579,56.0,1610559338.185
514402880133005327,44.0,1627784520.238
514871271352434699,16.0,1612429840.502
515124783751626772,193.0,1610221457.041
515618660325523457,20.0,1606154951.282
517754062616264706,33.0,1607542264.015
517787822652915743,21.0,1606144363.441
518634936807194638,126.0,1607199033.374
518815880822652958,21.0,1639074285.241
519850436899897346,5198.0,1596767291.444
520613723287715851,25.0,1636234621.537
520660294557499407,112.0,1603582977.394
520726460487696404,59.0,1612212690.826
520954611721437195,42.0,1611932726.22
521172177941299216,1013.0,1635600486.875
521340623194685443,38.0,1604326257.569
521405606649790489,224.0,1630090945.676
521411946642407424,163.0,1605029240.817
521657076397899786,19.0,1617011806.72
521662446415642634,18.0,1606936834.426
522530754777841685,20.0,1605381349.948
523102429512728586,304.0,1612562870.714
523548121733791744,62.0,1600525929.333
523778250531405824,35.0,1609170709.586
523835222471475214,18116.0,1617652100.725
524029512774844417,18.0,1607521940.405
524699215272869898,21.0,1613235966.358
524978206181294085,40.0,1607796969.915
526801858572845078,16.0,1607441110.553
526870993390534677,512.0,1612804094.216
526892094531567619,59.0,1626065411.243
527084834800271370,89.0,1608653030.817
527163512246501397,715.0,1630793041.136
527452879485796352,18.0,1613066939.554
527825785822904330,17.0,1606322982.925
528341947727872001,21.0,1639260083.44
528911907357196288,17.0,1605984810.337
528953778481790976,63.0,1606998956.209
528991181703479307,21.0,1610382979.267
530056607569149952,145.0,1603969034.918
530520859148812288,89.0,1613492718.357
530830442543448085,25.0,1612871728.98
531477366602727434,16.0,1608553098.081
531557229820772366,18.0,1614880075.719
531754141932978179,3064.0,1637689228.776
531967088219127839,476.0,1607442244.627
532243044364451851,20.0,1606332256.92
533463541479505921,1541.0,1601827203.043
533605441368752128,322.0,1615659018.125
533733714438389761,168.0,1602363397.055
534083795733839902,1795.0,1612706517.485
534102291402194944,40.0,1607325394.761
534152327662403594,77.0,1600265705.247
534379773636640809,20.0,1605700692.763
534432336004120586,18.0,1605696074.403
534499827241713724,89.0,1610303293.86
535839137530380339,197.0,1603293868.57
536455421381050369,25.0,1605770594.872
536541259926601738,19.0,1634678976.628
536711247752724480,35.0,1607393836.464
537192120721866761,38.0,1607432592.818
537279292288270346,45.0,1601818154.899
538088246614163476,36.0,1606700587.171
538113563211071538,41.0,1613401139.987
539447361232175104,88.0,1613034103.764
540188115848134657,96.0,1617908206.607
540300099679420426,101.0,1607616942.177
540714675533512718,61.0,1607774549.035
540925731652239360,716.0,1615728042.346
542433196848185355,128.0,1603298177.87
543190833986404367,56.0,1618362677.518
543542767536832542,22.0,1605730999.648
543570467664035878,23.0,1607199381.342
543920543582126122,16.0,1621704412.291
544055449801195520,20.0,1612017492.908
544089159774765091,1283.0,1607378809.581
544114761671901184,53.0,1612578752.959
544323431991083008,209.0,1604776398.718
544330795993530385,44.0,1606659800.629
544479956483440670,44.0,1610445981.121
544602580458799134,150.0,1601315824.993
544981823395069977,25.0,1617779722.667
545082941307355146,34.0,1611434067.67
545646432565198870,54.0,1612873477.847
545695070771478540,174.0,1628609795.878
547192094243029012,36.0,1609671767.673
547547322767376397,371.0,1619720101.501
547657972097220609,78.0,1600513237.786
548396888873762821,42.0,1609525127.695
548781394650857483,18.0,1606692137.681
549567883005657098,851.0,1608294110.101
549678732072452136,97.0,1624027868.688
551047994217070602,684.0,1624035569.912
551048815751462914,24.0,1621707923.002
551110126627717122,298.0,1607527932.681
551375396747345922,2619.0,1607726737.221
551610851010936862,25.0,1608899921.521
552132083162808320,18.0,1603566936.271
552545247842795539,2183.0,1607394809.913
552792727385800706,22.0,1610823778.513
553592416305676320,22.0,1612004891.361
554005553291198484,23.0,1607176287.844
555850096609067008,15.0,1606338801.031
556038364785147933,39.0,1608045742.695
556121082986233886,25.0,1639176383.268
556187879811055616,40.0,1605603880.328
556978131106267146,21.0,1601243334.495
557126554392461312,1066.0,1609819568.962
557604376747704320,65.0,1611659741.895
558313114014318622,20.0,1605486738.325
558320077477380096,18.0,1622062746.363
558764602633224193,24.0,1607464023.63
559049424198828032,45.0,1604694471.248
559432981434073089,39.0,1632289163.021
559812364300714015,25.0,1617528613.056
560248394002464808,140.0,1600255986.11
561343619534159888,43.0,1614832535.534
561694581188460565,15.0,1622715491.872
561707614128308246,35.0,1608222316.233
562161450655678477,105.0,1603292895.578
562331299478634591,41.0,1611313666.841
563038481153261598,5851.0,1601155708.289
564511895747297308,103.0,1612192746.928
564534038560374785,141.0,1610466200.079
564943501679394816,51.0,1624045826.563
565206939605270529,23.0,1612825222.738
565538252161941505,241.0,1608162897.056
565800328704819200,23.0,1631725484.775
566471731779338240,32.0,1606276430.688
567052658167250968,16.0,1607454115.579
569395171167567893,75.0,1613333085.16
569868536445534208,115.0,1601726022.98
570295350045310977,323.0,1606507085.532
573355526403129355,99.0,1600468828.493
573565594620788768,5122.0,1621970885.901
576085727281152010,48.0,1608652960.491
576406590777720832,42.0,1605391368.588
576507591312670750,19.0,1611013965.702
577106603161944084,197.0,1603293467.378
579233553762746368,40.0,1617103122.995
579746710352429062,141.0,1606167442.997
579843754723115008,326.0,1625105723.292
580056943884894246,318.0,1603407196.845
581320068609212417,439.0,1605379046.299
581952351393546241,21.0,1612127831.662
582233038126317581,19.0,1607365252.807
582245284327981077,83.0,1611694334.564
584787660154077214,37.0,1609502489.662
585901028566892544,22.0,1639169050.227
586724587904040960,21.0,1606178668.921
588662847496781834,16.0,1622886737.84
589028584904065025,60.0,1615850044.464
589776443601584138,315.0,1610826103.721
590926000745873409,20.0,1637517654.838
592320917212758026,70.0,1601797054.097
592440290174959661,38.0,1605861266.676
592853111840702464,543.0,1606249701.8
593100541543055419,155.0,1624098665.344
594756772028350467,213.0,1606222856.88
595624082721079306,158.0,1607716005.111
595714804790984724,41.0,1635069629.904
596806321978998784,74.0,1605565050.727
596944906505682959,60.0,1615406460.899
597144477533995009,46.0,1636915562.548
597515690018078720,18.0,1603819432.331
598678604477628436,22.0,1632102927.22
599091344987783190,109.0,1606177846.889
599643587457581067,61.0,1619108771.65
600105684650164265,865.0,1610309610.661
600363282704105502,17.0,1597860962.6
600765863116668932,104.0,1612121318.209
600851429330255883,130.0,1604520914.554
601889882901577767,3998.0,1603047329.932
602217789801103371,50.0,1612794996.29
602538089381888010,23.0,1633006161.375
604455549479682078,184.0,1607269063.321
604641443126050816,18.0,1632088031.424
604647316158283786,57.0,1608165680.626
605346762668113951,98.0,1624473960.008
605418683233468416,16.0,1604170072.499
605540922230571036,426.0,1600537318.096
606100749532921876,21.0,1613407807.601
606236644663885856,15.0,1607440321.484
606420331535532032,138.0,1617206986.427
606514897718607895,25.0,1613415107.09
606853782009151561,204.0,1614265383.896
607442366726668288,429.0,1622673896.822
607838815343869955,17.0,1611158068.689
608705376401096707,19.0,1609549464.748
609436356543905915,19.0,1607592593.018
609724560564158475,207.0,1608145691.066
609793312274120705,16.0,1607200363.012
610109603350577164,21.0,1603560673.354
611282209630060556,293.0,1629443811.792
611285589542699069,214.0,1612696979.368
612110028161155073,627.0,1600655490.05
613364271635759120,24.0,1611580183.635
614143133793386526,1491.0,1603965936.072
614433533414604820,49.0,1637574284.572
614867987647692800,223.0,1611131678.988
614884602884128778,9654.0,1609529733.961
615136236880920595,34.0,1600451260.789
615172556621611008,35.0,1607194855.735
615212094320803850,432.0,1609463546.75
616616334926676051,78.0,1603964565.474
617042458047414466,62.0,1606936707.788
617076494681899008,99.0,1609023923.515
617087939910041617,15.0,1607029248.009
617307493743329300,93.0,1602366402.476
617634285922418689,36.0,1611589080.674
618854554766671882,170432.0,1621691994.703
619313014952165379,37.0,1603291267.172
619808128870907926,1677.0,1612043727.125
619878231406805002,70.0,1605051944.52
620590652396404756,215.0,1614536060.721
622129536863305729,157.0,1612293943.627
622447504557867008,382.0,1614003919.546
622712937873932289,84.0,1624640409.789
623584022274244609,888.0,1600449551.588
624269709000572942,17.0,1618251595.942
624332524205768704,24.0,1606391399.146
626079850649747491,80.0,1633278715.663
626682175521161227,32.0,1617648038.309
628650151862337546,18.0,1606584474.259
629408433199775784,36.0,1606173909.182
629686795541413889,123.0,1610558762.796
630438440563114000,40.0,1616252774.36
630515300713889797,98.0,1632081110.364
631580477513400330,21.0,1612800196.937
631895923798179880,16.0,1607444885.622
632452568970428426,98.0,1636239829.034
632671381141716992,98.0,1613132344.507
632974043850473482,124.0,1630633817.727
633353196374327353,44.0,1604776383.38
633415362582544435,21.0,1600505923.366
633420546062680066,22.0,1613246643.734
633755670755409951,2087.0,1624128981.17
634822289640259617,16574.0,1607528342.876
635856331240374292,20.0,1605985342.355
636041591198318594,40.0,1607385825.088
636631049467854869,18.0,1605996398.679
636664761920258079,21.0,1607148912.739
637227219634225162,45.0,1603278505.195
638249428519616522,18.0,1615107013.563
638304348664758272,19.0,1621939613.984
639099748946542602,126.0,1604309092.915
639828569165529119,2027.0,1600532481.013
639906697950789668,16.0,1603964579.723
640524320187351124,111.0,1609856382.845
640986550959865887,60.0,1614856761.581
641381048177131551,56.0,1607200968.141
641537332058783744,24.0,1603320807.401
642423181398900746,174.0,1619635648.732
643776150262251520,18.0,1603285789.927
644112076729614339,210.0,1607636048.971
644148511432245250,16.0,1605612335.282
644239674889469963,54.0,1600966770.75
644813728885243924,43.0,1600455566.871
645766799014625281,25.0,1603279145.829
646017935244263474,19.0,1613676889.824
647001096811839520,19.0,1636148318.44
648216006677757973,23.0,1611402744.903
648252139759730718,812.0,1612649459.401
648589852392161295,104.0,1610621353.27
648617776952639508,24.0,1606233169.226
648973661776248847,24.0,1605457444.465
650036601392463885,18.0,1604777722.466
650272851252871189,30.0,1609094973.124
650465448659386369,15.0,1614556414.321
650779098532151327,19.0,1610714749.448
652480843503370241,514.0,1612685413.637
652986939443773450,634.0,1612114414.933
654359383563567121,80.0,1600605405.227
654414424890933270,19.0,1600460793.214
655078973851828255,638.0,1620936059.398
655450914282274817,18.0,1611076629.347
655805491540394016,45.0,1604344123.846
655841683568721931,43.0,1604598744.827
656134338404155404,41.0,1611150701.294
656331079493353473,61.0,1603558258.099
657028441585221662,68.0,1606345585.271
657220302371160064,19.0,1605907607.439
657301605195972628,33.0,1605473299.37
657872246064545794,115.0,1631167000.945
657916352874545162,7110.0,1607624749.877
658043272731688989,21.0,1600529076.474
658118819163668480,113.0,1607198288.201
658346088117567488,37.0,1600455315.696
658605591215996929,35.0,1608137883.021
658644778598137876,108.0,1637009203.696
658780409299075083,23.0,1613586664.392
658807648853950494,82.0,1607801217.601
658990115892363264,18.0,1611871477.208
659066872159010845,24.0,1617568218.287
659357052564537394,64.0,1636632845.686
659804624668065824,25.0,1638995447.011
659978512819552277,17.0,1605807370.932
660548943410626563,184.0,1614283982.61
660815013832818697,20.0,1605620313.997
660917194011574274,16.0,1612555190.153
661141570287829002,1941.0,1600452149.71
661338310299484196,205.0,1609486359.508
661473850713702411,21.0,1613320784.68
662322519214260244,39.0,1610396222.317
662745590404218901,19.0,1605634910.03
663609700582948865,23.0,1611588963.421
663789992891645962,65.0,1627245739.968
665712777243000872,3178.0,1612041264.64
666065922016018443,100.0,1607965142.424
666344778035757057,776.0,1605379393.064
666454224569237504,1510.0,1600451771.817
666729365614362633,21.0,1613848425.305
667861340395929631,1035.0,1612166600.417
668132102159728645,25.0,1611158093.751
668487330595733524,17.0,1611337287.807
669875562986340353,1125.0,1594312153.584
669909640372551691,21.0,1636834156.606
670244711440711681,2915.0,1607451250.036
670729188671750157,21.0,1636743177.318
671026044010233876,17.0,1606068095.121
671353199088631829,158.0,1626098215.809
672449759033950223,43.0,1613034117.671
672824699369029642,20.0,1613237937.812
673177033538273345,15.0,1614075003.257
673593408597524482,23.0,1617519180.305
673810721003536385,192.0,1613128118.502
675024626291703808,124.0,1624559814.211
676123230318362654,103.0,1609170332.624
676186733792198666,47132.0,1607966784.425
676864289717616640,63.0,1608917263.548
677298114608234509,20.0,1639155120.404
677490671711420416,20.0,1608075002.82
677596597546123335,141.0,1618221194.132
677829332592230430,99.0,1599684054.317
679000946465833037,18.0,1605704696.949
680996815432187967,23.0,1615087776.427
681194436151083092,40.0,1605890466.315
683042171145683051,380.0,1604009519.266
683265332390920249,16.0,1600453230.422
684045509148672021,152.0,1607033068.317
684400511658623067,194613.0,1598048245.793
685289009966219314,25.0,1610418255.758
685923773018406945,24.0,1613554466.708
685950695161069575,23.0,1622198401.14
686371038095081572,65.0,1601725921.493
686404243837681665,1990.0,1625519636.058
686867604232863787,32.0,1605638420.73
688301019746140172,16.0,1611338106.127
688489218825257116,36.0,1602447681.293
688817443497443355,67981.0,1594887189.163
688820283989164219,15.0,1622885021.186
688884033303740507,23.0,1619938350.755
689055796419756082,22.0,1612959475.336
689165756461744215,36.0,1613558585.775
689182590447648824,18.0,1603834102.472
689230996041760768,62.0,1610467291.552
689318500463935529,81.0,1605377614.111
689331954742460454,24.0,1606847177.957
689417534830805003,20.0,1610753848.319
689433641398698066,15.0,1605554608.16
689555952180920387,15500.0,1617786820.151
689557801281912833,35.0,1605701875.208
689856326821609558,49.0,1617465957.884
689885583597895758,106.0,1605517966.011
690173306271563816,87.0,1603873837.713
690269783631200494,53.0,1604618128.341
690310286770700620,275.0,1607897779.05
690528413316022272,97.0,1603283986.624
690535895023222865,153.0,1607444642.922
690647454407983165,19.0,1626038541.257
690728432438476852,74.0,1606797839.143
690887150048378900,3894.0,1607619456.193
690948009474916396,92.0,1613573643.419
690951178007216140,25.0,1600497997.307
690998646782558250,35.0,1631891669.46
691239441595105281,2887.0,1612459545.232
691391592384168010,63.0,1612660090.298
691642076055470092,44.0,1620674580.377
691684289082818659,41.0,1608747757.949
691727749752029307,25.0,1603795445.817
691752038320701501,4641.0,1616454299.295
691768923309473882,192.0,1598121263.783
692048519518748813,1430.0,1603817586.046
692078689197883472,65.0,1619008055.271
692094144654606358,25.0,1608283430.806
692101915630239745,23.0,1603311576.652
692384206352809985,248.0,1610633282.993
692477192243773540,22.0,1613643352.628
692497177750143036,44.0,1602926439.948
692507420886433853,68.0,1607432444.705
692629413812240404,105.0,1608674692.226
693134239830638702,19.0,1606178767.721
693159663918776480,4453.0,1616345955.449
693860011054465105,17.0,1627237945.249
694138575117221960,174.0,1607263705.448
694188366811365456,15.0,1612718370.146
694205915754397778,57.0,1605459177.903
694282565061836890,139.0,1614893136.067
694626085073190924,19.0,1611680700.037
694629000647278712,25.0,1610924355.022
694724371402457099,100.0,1603045334.755
695233816863965234,740.0,1624035124.542
695266430807048274,152.0,1604012861.271
695305326605631488,20.0,1603274747.265
695853375786451015,48.0,1603344557.02
696342848932675625,24.0,1609979930.682
696405974705242122,18.0,1605696237.19
696732030985175060,43.0,1603994025.49
696831228350824549,25.0,1611820869.098
697021690580041728,21.0,1611216208.582
697157651477299280,129.0,1636636216.283
697204080338141205,23.0,1639242568.078
697213748569440297,214765.0,1616163835.405
697638087169278022,280.0,1631199497.321
698057787623604234,116.0,1606520011.852
698621645048250459,20.0,1608765126.123
699254134716498063,19.0,1610998862.76
699293630690492467,75197.0,1638988474.47
699300978721161246,46.0,1606695886.053
699305106226806824,86.0,1612109749.42
699432301192282154,8597.0,1638984083.885
699617202789416982,89.0,1611599497.457
699682850437333082,1683.0,1639088795.239
699749952133529711,17.0,1622052465.835
700342431626952744,25.0,1606670786.124
700475077979930705,17.0,1616795897.243
700846879516131368,16.0,1618017439.567
700859051470225488,40.0,1600454133.637
701057209085460570,42.0,1616541235.634
701441841756766288,268.0,1603276430.349
701746785131167784,15.0,1622936258.102
701813751598284920,825.0,1602518875.765
701855597242482830,39.0,1607377201.421
701935067664220251,208.0,1614199885.671
702173859239034891,481.0,1614607327.263
702507806841896990,30.0,1631892987.468
702520553487204363,44.0,1601723249.547
702581306881605704,45.0,1605383275.238
702632742629802025,248.0,1603844468.709
702960505643597874,1863.0,1600447206.7
703639381109637130,62.0,1607294813.343
703655508317437993,21.0,1603919721.172
704271878298009691,15.0,1612565509.206
704284130845786143,17.0,1603293731.913
704425429901115453,22.0,1603573412.752
704608720767680524,19.0,1611151223.09
705747558294618152,21.0,1632763485.012
705898615058464862,49.0,1600505941.129
705947135425773598,8297.0,1605953345.073
706206615577165875,24.0,1615830525.062
707158680579080225,22.0,1612894520.75
707257417963929682,22.0,1621856521.868
707369720751456398,15.0,1609717320.565
707380162269806612,70.0,1610757550.333
707472812570312725,18.0,1607434343.752
709367973856673832,212.0,1611656190.666
710541157167398931,716.0,1607376867.845
710545520552050688,34.0,1614598262.137
710736471254106135,35.0,1613578524.199
711208470447390831,18.0,1624019241.583
711552431544205342,486.0,1614501979.663
711848504552587284,597.0,1610456124.187
711887909267177494,25.0,1606159157.348
712071762946293874,64.0,1603561455.363
712433378250719374,261.0,1607383603.606
712992983263346759,22.0,1611685813.276
713419138630025308,31.0,1607968880.422
714140760508989482,116.0,1602361172.695
714553906088247337,1647.0,1621713842.897
714841127458570262,149.0,1606167883.149
714946361757532220,22.0,1614201589.873
715009022582980658,620.0,1603347506.659
716135167940493323,67.0,1606160951.187
716656167186858044,61.0,1615850027.398
717126615749885962,278.0,1607941657.824
717645201363042326,54.0,1603559569.645
718474532607754340,16.0,1614541246.899
719198955006722119,76.0,1610636705.619
719325363632865311,64.0,1608073797.283
719682373754814526,16.0,1616687891.818
720180024292016158,40.0,1604347202.487
720524448876462080,453.0,1630637405.576
720616596720189453,313.0,1615541716.63
721099589809209455,16.0,1615048757.847
721751938563178568,19.0,1612880916.017
721801035190108200,19.0,1615668979.652
721881171671384087,19.0,1611429878.87
722165767210008666,170.0,1626810334.84
723830684355002409,24.0,1621695488.801
724675988478361652,17.0,1608201503.873
724968156162031646,16.0,1607192379.238
725064876313280562,16.0,1639321659.439
725393589177417779,35.0,1603314704.734
725682889357918228,45.0,1605694081.904
726222306283618334,277.0,1608928239.521
726826652486598687,16.0,1608128561.26
726869902211940424,69.0,1610786501.514
727159728945496124,160.0,1613471249.968
727174976393707532,372.0,1607458556.971
727230602956505189,23.0,1604075528.009
727262870378643477,21.0,1608141890.384
728007404310233109,4611.0,1603557555.611
728976755188039701,35.0,1603896431.462
729329460566032425,78.0,1603633008.567
729842559798738985,34.0,1617229128.793
730052503139254273,19.0,1638246342.567
730141052094382150,78.0,1608824424.559
730159878018170893,277.0,1605791950.326
730170689507688648,16.0,1605460048.148
730414427727331418,289.0,1600271198.509
730744985594494976,159.0,1624713788.702
731942645861187706,57.0,1629487322.046
732492182136815696,22.0,1607839324.518
733234127486320669,2766.0,1603228379.268
733293219634479114,35.0,1629283641.164
733407131205763203,20956.0,1594928482.492
734701474810167387,21.0,1615376430.408
734812196776706139,38.0,1606160534.023
735150329703825428,20.0,1611263773.178
736204466151227452,63.0,1637563258.576
736666395881898005,74.0,1607635774.59
736966501420105808,76.0,1604306228.032
737356808506835075,105.0,1631223751.545
738029359780069458,102997.0,1611265143.799
738444022368174232,16.0,1607094906.988
738754992546119823,95.0,1613410672.805
739216976810999909,24.0,1603564802.218
739290026231463966,115.0,1600494204.494
739620644840276090,17.0,1609284052.537
740123974251577406,25.0,1606206213.836
740499754361946214,24.0,1607538254.877
742058920348090468,124.0,1601906843.052
742458328466063431,15.0,1639165577.107
742844724800520223,99.0,1633552119.915
742880793407520850,44337.0,1603398046.036
743106673291296788,211.0,1611156942.986
743328266336731156,38.0,1613663561.061
743812583852867697,68.0,1597409577.009
743874826363601038,43.0,1638726990.557
744120316707733554,16.0,1612034140.795
744622197796241409,19.0,1616872089.388
745109389362593902,84.0,1604635120.626
745177876281819141,22.0,1620757587.238
745378082751512586,447.0,1597855206.615
746317070618198027,63.0,1600453900.303
746341889606680645,82.0,1607253365.813
746342646343139439,18.0,1608562453.982
746837839463055602,57.0,1611775341.877
747409922186149938,48.0,1607849073.766
749027196852633721,156.0,1614726607.748
749423201460682895,19.0,1600456619.057
749713605376737282,23.0,1603487944.857
750360886195126372,24.0,1605562152.197
750455342705672233,1843.0,1600525041.61
750825008451813418,23.0,1615644874.588
751433069810024569,137.0,1607297449.083
751763027917013027,19.0,1606206234.348
751787609000378440,20.0,1610703542.677
751975242829791242,23.0,1613081145.348
752079217164025956,203.0,1613644363.567
752122536258699365,20.0,1605715034.071
752299680175751168,15.0,1604684808.97
752471672086593627,200.0,1610110080.505
752656920791482448,39.0,1607808715.573
754165650099929118,204.0,1609850335.959
754416152666439713,18.0,1635173594.026
755481941175828641,44.0,1612189298.827
755556352692060190,102.0,1606551543.094
756199075421880321,22.0,1607867090.302
756260247815061644,46.0,1600452336.125
756379410386518096,21.0,1620347337.353
756503000016486402,86.0,1605469677.035
756619165309337630,24.0,1600464900.493
756681719633150013,59.0,1607885612.556
756688392745517056,607.0,1600479356.967
756719679363612782,57.0,1600490881.757
756834543775776798,308.0,1607623347.753
756902121106047207,24.0,1634312075.522
757310487976345720,85.0,1618710033.133
757588147843498157,1962.0,1604800947.51
757744012286361603,55.0,1607808313.006
758681791082528809,15.0,1614018953.969
759008311692754984,19.0,1611864886.792
759009329831215114,53.0,1607945506.992
759201254344884225,21.0,1608456241.893
759505205342765106,284.0,1606815473.489
759693212289335347,22.0,1611046037.289
760386167043653642,261.0,1605996316.16
760408504845729812,273.0,1601854573.584
760633986182938674,5322.0,1607026913.617
760834217381986354,126.0,1612549214.399
761123119539814423,38.0,1607193914.744
761498638592507904,383.0,1614198616.634
762147126406414366,23.0,1603913126.196
762174372462592032,23.0,1605652741.776
762448698902708266,51.0,1601852428.864
763375177886466068,34.0,1607485859.637
763411002192560218,476.0,1632168293.105
763460070527991878,20.0,1611573226.375
763927411594493994,80.0,1610212861.17
764177688423694407,144.0,1604094462.5
764282300954968074,188.0,1605920469.38
764347535740502026,880.0,1602565384.467
764382374090768404,42.0,1625082310.909
764498972853141505,20.0,1611243824.22
765196057566773268,41.0,1603306986.614
765528714116988948,732.0,1613415985.17
765545392631971890,17.0,1611148196.486
765691560167473192,365.0,1605386486.392
765819210471309323,66.0,1604213135.291
765957911678681190,44.0,1605700898.628
766345562512687215,1428.0,1605460281.723
767218746301349958,38.0,1608403583.382
767326329456558130,18.0,1611427721.301
767369380279353374,17.0,1609290419.769
768017883162214416,235.0,1610703291.094
768416348044525578,53.0,1627570268.46
768450616070504488,22.0,1607138856.814
768704820717682699,3040.0,1603819218.301
770415514127958058,36.0,1614449932.125
770548661167849512,66.0,1607770534.685
771082439619510313,21.0,1622982208.024
771622708500889630,15.0,1605190223.801
772207894997106688,17.0,1606595728.359
772434761587097611,99.0,1613154599.382
772442815337725962,38.0,1611829597.395
772514881281982504,23.0,1612989601.653
772535915696095272,91800.0,1613080713.101
772637201845977088,21.0,1613245910.696
772761984562626562,15.0,1607781624.349
772904814387396619,328.0,1620748085.05
773581646749499422,17.0,1637385043.832
773729019014807572,163.0,1607748113.726
773908840281407509,22.0,1627151877.88
774332438385918024,22.0,1607201603.503
774646061003309087,219.0,1612774894.832
774772474705084456,19.0,1616276428.796
775781234299240450,404.0,1605210309.213
775966256108404737,19.0,1605471340.327
776120521954820117,15.0,1611518903.056
776401310593187852,174.0,1611300765.461
776526810003144734,97.0,1605666474.372
777217295025963039,22.0,1605437628.137
777250287995060266,207.0,1610211596.684
777257576756412417,18.0,1605383174.198
777260307424346113,52.0,1605384120.031
777305173970124831,43.0,1606248021.735
777590986829332490,17.0,1606115897.781
777802628930994186,70.0,1612014202.168
777968160926072892,17.0,1612898154.118
778021845407498271,55.0,1605636246.362
778192085492301825,15.0,1612985204.469
778220464019079208,37.0,1605615837.458
778296635146240020,736.0,1606023777.034
778572512115163147,20.0,1605696865.522
778650472097382410,43.0,1606937073.653
780111413825634304,879.0,1618179224.963
780145095034404894,323.0,1606719512.544
780354356934475777,201.0,1607623487.915
780437054650581022,133385.0,1624559588.136
780506960776003584,19.0,1607192404.524
780572133172052018,83.0,1606173956.557
780730795999363073,18.0,1606645589.681
780751483024048148,18.0,1611148925.887
780930241622704149,176.0,1612186793.874
781075369809674270,199.0,1615548151.639
781167882058334218,237.0,1617797026.522
781176751069855744,3699.0,1615850200.91
781641403851210754,66.0,1610380154.421
781929081583304714,24.0,1607199387.841
782287837843292180,17.0,1607854974.885
782297331340017714,39.0,1609567534.069
783616683255398420,22.0,1608150334.936
783693288859107379,25.0,1617823252.45
783727271105790004,16.0,1606925865.048
784153809106501722,60.0,1614712391.131
784875708177449020,537.0,1633799149.488
784924492370673685,459.0,1610311408.117
785109716836810762,53.0,1608314556.627
785183990805037117,67.0,1611596276.785
785212449401733120,25.0,1631762863.87
785851025671454740,56.0,1616766687.657
786458702109999104,461.0,1617296921.217
786723751009452112,38.0,1607642711.838
786729097736880158,43.0,1607641737.719
786994627382607872,357.0,1610557080.926
788072419340058655,15.0,1608149736.274
788358730080583703,76.0,1613810328.381
788591308071370825,17.0,1635729949.474
789552990981062728,58.0,1624386773.268
789694461374365706,2192.0,1616805301.139
789791704936480778,161.0,1638547530.977
789922081659682837,20.0,1613259485.3
790268909458685962,265.0,1613254059.147
793128143149334549,66.0,1613850396.245
793498402075836426,1130.0,1609258469.782
794649478443302912,229.0,1628337465.064
794661744387162123,16.0,1636278940.423
795026905710460938,45.0,1611999055.844
796060766205247548,21.0,1614332339.915
796497015227678720,34.0,1614163659.553
796804539935490118,18.0,1610045440.982
796839001947766804,64068.0,1610467149.498
796884325375279108,59.0,1616615074.283
797166619158773831,38.0,1614678312.832
797511600403513364,18.0,1610894086.555
797930660068851722,19.0,1612222407.902
798199298805202945,356.0,1615548082.843
798440976934502431,266.0,1627507559.223
799740281338724392,23.0,1613004989.545
801433412715413514,16.0,1611147384.655
802620203846467644,18.0,1611430065.627
805140773355257886,18.0,1612031673.824
805158028243501096,309.0,1612036397.423
805849750330015814,104.0,1612380244.447
805860150581395526,18.0,1636483078.542
805923659490656306,127.0,1616933039.391
806197292134694943,37.0,1612285972.748
806637973193228348,2152.0,1613599991.028
807061838151942204,17.0,1612489775.328
808129542739722291,2162.0,1623371946.236
809132995180888084,40.0,1612989522.539
809511927193665626,33.0,1615709825.304
810054208035618837,21.0,1613538120.407
810082697748807733,19.0,1639082909.304
810267545059196929,68.0,1613349556.262
810293334336864327,25.0,1613259460.972
811048837970919424,18.0,1627409654.237
811220174115831858,79.0,1623101954.826
812029025043611689,22.0,1613777126.798
812060390271090778,405.0,1621702972.664
812360431649816626,20.0,1639250387.552
812875670467903518,16.0,1619100823.392
813955093892038678,63.0,1630948061.461
814005474235383820,42.0,1623539563.85
814102629990793256,38.0,1614237824.698
814918824787836938,260.0,1615747090.583
816016531699138660,20.0,1625160986.124
816817704409366530,348.0,1639307472.694
821126969655296062,981.0,1617193776.992
822060368523558932,675.0,1624642587.189
822560376712331295,13429.0,1636197001.425
824286473305194547,25.0,1632224039.657
825031365346721842,81.0,1628934186.079
826893650461065236,20.0,1618604027.601
827228682443554816,15.0,1631305444.78
829424674106245161,654.0,1621883352.926
830783878885146674,24.0,1633348068.783
833041684387463210,86.0,1624569620.146
833082540604653589,23.0,1627536584.183
833672450922250240,72.0,1620052463.109
834258221358252053,256.0,1626037143.797
834992756510162984,133.0,1625610565.656
835418181744590848,22.0,1628731665.081
835655614096867398,176.0,1625701338.712
836911932560113706,20.0,1630784035.74
838036593737990185,22.0,1622921287.89
838178719519866932,20.0,1639260276.72
841283897262211072,105.0,1632711347.286
842058690990309396,585.0,1625801061.422
846122490753450024,127.0,1621801861.866
846807203046621236,39.0,1622569510.691
848534917461442580,38.0,1636935452.763
849422290662981652,18.0,1636667427.974
849585279555207169,122.0,1639164263.428
850371529208496208,17.0,1639166958.578
851894323137609770,41.0,1624511389.729
852250997879603201,59.0,1632597709.485
853155249736515604,24.0,1636484957.537
855426398562811904,18.0,1624122811.281
855851139311468574,23.0,1639169284.02
857046127902720040,39.0,1639038872.615
858116613211553802,83.0,1629491863.816
859446069036449842,201.0,1625327989.847
859916405687844865,23.0,1639262181.27
862033089727037450,25.0,1636018181.45
863061129471590422,77245.0,1632052120.903
871655697824231424,21.0,1639085008.667
876356815904964678,23.0,1631253016.234
881812843178106900,339.0,1638461442.263
882674011044216832,16.0,1632597022.924
883927874640429137,18.0,1639281510.295
888456637411631205,41.0,1633612997.808
891260076701155368,15.0,1636116732.606
893827092163227698,327.0,1636828489.472
895777871140888646,17.0,1634996372.69
897769392945905675,6477.0,1634662034.438
898978902184190022,18.0,1635546651.327
905473434287505418,41.0,1639257420.832
905894541113040946,717.0,1637878369.753
917798175220326451,22.0,1639296509.043
918450210206806046,32.0,1639265524.448
